"start_time,length,rename_to"
"1.1,0.65,video0"
"1.76,0.95,video1"
"4.68,1.11,video2"
"9.75,1.46,video3"
"12.9,0.82,video4"
"13.73,0.69,video5"
"14.5,0.65,video6"
"15.16,0.89,video7"
"16.06,0.61,video8"
"17.36,0.24,video9"
"17.61,0.21,video10"
"17.83,0.29,video11"
"18.16,0.69,video12"
"18.86,0.13,video13"
"19.0,1.22,video14"
"20.47,0.18,video15"
"20.66,0.08,video16"
"20.75,0.8,video17"
"22.03,0.11,video18"
"22.15,0.5,video19"
"22.66,0.47,video20"
"23.6,0.27,video21"
"23.88,0.49,video22"
"24.38,0.96,video23"
"25.6,0.31,video24"
"25.92,0.47,video25"
"26.4,0.54,video26"
"27.13,0.07,video27"
"27.21,0.46,video28"
"27.68,0.6,video29"
"29.51,0.34,video30"
"29.86,0.22,video31"
"30.09,0.18,video32"
"30.28,0.37,video33"
"30.66,0.17,video34"
"30.84,0.26,video35"
"31.57,0.07,video36"
"31.65,0.66,video37"
"33.34,0.15,video38"
"33.5,0.17,video39"
"33.68,0.11,video40"
"33.8,0.46,video41"
"34.27,0.53,video42"
"35.23,0.49,video43"
"35.73,0.42,video44"
"36.58,0.47,video45"
"37.06,0.25,video46"
"37.32,0.06,video47"
"37.39,0.86,video48"
"38.26,0.8,video49"
"39.2,0.12,video50"
"39.33,0.09,video51"
"39.43,0.52,video52"
"41.88,0.08,video53"
"41.97,0.29,video54"
"42.27,0.1,video55"
"42.38,0.16,video56"
"42.55,0.37,video57"
"42.93,0.34,video58"
"43.46,0.13,video59"
"43.6,0.06,video60"
"43.67,0.4,video61"
"44.08,0.08,video62"
"44.17,0.44,video63"
"44.62,0.34,video64"
"44.97,0.31,video65"
"45.97,0.21,video66"
"46.19,0.16,video67"
"46.36,0.36,video68"
"46.73,0.49,video69"
"47.23,0.81,video70"
"48.05,0.14,video71"
"48.2,0.07,video72"
"48.28,0.25,video73"
"48.54,0.55,video74"
"49.1,0.36,video75"
"49.47,0.19,video76"
"49.67,0.27,video77"
"49.95,0.36,video78"
"50.98,0.15,video79"
"51.14,0.18,video80"
"51.33,0.23,video81"
"51.6,0.11,video82"
"51.72,0.43,video83"
"52.16,0.07,video84"
"52.24,0.05,video85"
"52.3,0.54,video86"
"52.85,0.56,video87"
"53.42,0.16,video88"
"53.59,0.05,video89"
"53.65,0.31,video90"
"54.65,0.22,video91"
"54.88,0.16,video92"
"55.05,0.14,video93"
"55.2,0.15,video94"
"55.36,0.09,video95"
"55.46,0.26,video96"
"55.73,0.21,video97"
"55.95,0.39,video98"
"57.56,0.14,video99"
"57.71,0.08,video100"
"57.8,0.16,video101"
"57.97,0.39,video102"
"58.37,0.47,video103"
"58.99,0.13,video104"
"59.13,0.47,video105"
"59.61,0.11,video106"
"59.73,0.65,video107"
"60.39,0.09,video108"
"60.49,0.23,video109"
"60.73,0.02,video110"
"60.76,0.47,video111"
"61.24,0.15,video112"
"61.43,0.38,video113"
"61.82,0.64,video114"
"62.47,0.61,video115"
"63.43,0.93,video116"
"64.37,0.17,video117"
"64.55,0.33,video118"
"64.89,0.56,video119"
"65.82,0.32,video120"
"66.15,0.06,video121"
"66.22,0.24,video122"
"66.47,0.42,video123"
"67.06,0.23,video124"
"67.3,0.39,video125"
"67.7,0.49,video126"
"70.49,0.12,video127"
"70.62,0.16,video128"
"70.79,0.26,video129"
"71.06,0.13,video130"
"71.2,0.13,video131"
"71.34,0.58,video132"
"71.93,0.35,video133"
"72.29,0.29,video134"
"72.59,0.3,video135"
"73.52,0.26,video136"
"73.79,0.17,video137"
"73.97,0.23,video138"
"74.21,0.2,video139"
"74.42,0.48,video140"
"74.91,0.51,video141"
"75.78,0.15,video142"
"75.94,0.77,video143"
"76.82,0.12,video144"
"76.95,0.23,video145"
"77.19,0.27,video146"
"77.47,0.06,video147"
"77.54,0.51,video148"
"78.55,0.14,video149"
"78.7,0.65,video150"
"79.36,0.06,video151"
"79.43,0.58,video152"
"80.02,0.72,video153"
"80.75,0.16,video154"
"80.92,0.19,video155"
"81.12,0.07,video156"
"81.2,0.04,video157"
"81.25,0.4,video158"
"82.7,0.22,video159"
"82.93,0.19,video160"
"83.13,0.22,video161"
"83.36,0.62,video162"
"84.14,0.15,video163"
"84.3,0.36,video164"
"84.67,0.3,video165"
"84.98,0.09,video166"
"85.08,0.57,video167"
"85.66,0.2,video168"
"85.87,0.07,video169"
"85.95,0.54,video170"
"87.13,0.19,video171"
"87.33,0.83,video172"
"88.2,0.17,video173"
"88.38,0.08,video174"
"88.47,0.45,video175"
"89.08,0.11,video176"
"89.2,0.15,video177"
"89.36,0.4,video178"
"91.66,0.13,video179"
"91.8,0.51,video180"
"92.32,0.14,video181"
"92.47,0.49,video182"
"93.27,0.16,video183"
"93.44,0.41,video184"
"93.86,0.05,video185"
"93.98,0.39,video186"
"94.38,0.72,video187"
"95.11,0.48,video188"
"95.6,0.24,video189"
"96.11,0.18,video190"
"96.3,0.45,video191"
"96.76,0.14,video192"
"96.91,0.53,video193"
"97.45,0.13,video194"
"97.59,0.27,video195"
"97.87,0.06,video196"
"97.94,0.23,video197"
"98.18,0.29,video198"
"98.48,0.18,video199"
"100.24,0.14,video200"
"100.39,0.3,video201"
"100.7,0.57,video202"
"101.98,0.13,video203"
"102.12,0.06,video204"
"102.19,0.36,video205"
"102.56,0.17,video206"
"102.74,0.12,video207"
"102.87,0.62,video208"
"104.1,0.64,video209"
"104.75,0.06,video210"
"104.82,0.47,video211"
"105.3,0.16,video212"
"105.47,0.47,video213"
"105.95,0.7,video214"
"106.69,0.37,video215"
"108.3,0.41,video216"
"108.82,0.45,video217"
"109.61,0.74,video218"
"110.58,0.16,video219"
"110.75,0.55,video220"
"113.1,0.13,video221"
"113.24,0.17,video222"
"113.42,0.1,video223"
"113.53,0.46,video224"
"114.0,0.23,video225"
"114.24,0.32,video226"
"114.57,0.43,video227"
"115.01,0.44,video228"
"115.46,0.27,video229"
"115.74,0.43,video230"
"116.18,0.57,video231"
"117.81,0.43,video232"
"118.25,0.56,video233"
"118.96,0.22,video234"
"119.47,0.13,video235"
"119.61,0.06,video236"
"119.68,0.66,video237"
"120.35,0.2,video238"
"120.56,0.26,video239"
"121.66,0.08,video240"
"121.75,0.33,video241"
"122.09,0.34,video242"
"122.44,0.13,video243"
"122.58,0.07,video244"
"122.66,0.56,video245"
"123.23,0.45,video246"
"123.69,0.1,video247"
"123.8,0.03,video248"
"123.84,0.32,video249"
"124.17,0.61,video250"
"125.37,0.51,video251"
"125.89,0.22,video252"
"126.12,0.24,video253"
"126.37,0.11,video254"
"126.49,0.03,video255"
"126.53,0.49,video256"
"127.54,0.38,video257"
"127.93,0.14,video258"
"128.08,0.09,video259"
"128.18,0.03,video260"
"128.22,0.17,video261"
"128.4,0.05,video262"
"128.46,0.62,video263"
"129.09,0.25,video264"
"129.35,0.38,video265"
"130.14,0.11,video266"
"130.26,0.49,video267"
"130.76,0.27,video268"
"131.04,0.42,video269"
"131.47,0.42,video270"
"131.9,0.12,video271"
"132.03,0.41,video272"
"132.45,0.14,video273"
"132.6,0.59,video274"
"133.77,0.18,video275"
"133.96,0.31,video276"
"134.28,0.07,video277"
"134.36,0.3,video278"
"134.67,0.06,video279"
"134.74,0.33,video280"
"135.08,0.1,video281"
"135.19,0.85,video282"
"136.16,0.26,video283"
"136.43,0.22,video284"
"136.66,0.46,video285"
"137.13,0.17,video286"
"137.31,0.47,video287"
"137.79,0.12,video288"
"137.92,0.2,video289"
"138.13,0.05,video290"
"138.19,0.36,video291"
"139.64,0.13,video292"
"139.78,0.69,video293"
"140.74,0.07,video294"
"140.82,0.47,video295"
"141.3,0.38,video296"
"141.69,0.47,video297"
"142.17,0.8,video298"
"142.98,0.29,video299"
"143.28,0.2,video300"
"143.92,0.16,video301"
"144.09,0.09,video302"
"144.19,0.32,video303"
"144.52,0.23,video304"
"144.76,0.49,video305"
"145.49,0.19,video306"
"145.69,0.13,video307"
"145.83,0.63,video308"
"146.96,0.13,video309"
"147.1,0.13,video310"
"147.24,0.25,video311"
"147.5,0.04,video312"
"147.55,0.27,video313"
"147.83,0.16,video314"
"148.0,0.26,video315"
"148.27,0.47,video316"
"149.51,0.23,video317"
"149.75,0.12,video318"
"149.88,0.07,video319"
"149.96,0.24,video320"
"150.21,0.03,video321"
"150.25,0.35,video322"
"152.44,0.2,video323"
"152.65,0.63,video324"
"153.32,0.21,video325"
"153.54,0.06,video326"
"153.61,0.36,video327"
"153.98,0.1,video328"
"154.09,0.09,video329"
"154.19,0.19,video330"
"154.39,0.21,video331"
"154.61,0.42,video332"
"155.04,0.52,video333"
"155.57,0.47,video334"
"156.05,0.18,video335"
"156.24,0.53,video336"
"157.09,0.2,video337"
"157.3,0.38,video338"
"157.79,0.73,video339"
"158.9,0.1,video340"
"159.01,0.1,video341"
"159.12,0.46,video342"
"159.59,0.42,video343"
"160.31,0.31,video344"
"160.63,0.37,video345"
"161.01,0.31,video346"
"161.33,0.14,video347"
"161.48,0.58,video348"
"162.2,0.11,video349"
"162.32,0.09,video350"
"162.42,0.45,video351"
"165.12,0.18,video352"
"165.31,0.07,video353"
"165.39,0.54,video354"
"165.94,0.36,video355"
"166.58,0.15,video356"
"166.74,0.08,video357"
"166.83,0.36,video358"
"167.2,0.13,video359"
"167.34,0.03,video360"
"167.38,0.44,video361"
"167.83,0.61,video362"
"168.45,0.09,video363"
"168.55,0.34,video364"
"168.9,0.2,video365"
"169.11,0.19,video366"
"169.31,0.27,video367"
"170.74,0.14,video368"
"170.89,0.22,video369"
"171.12,0.52,video370"
"171.7,0.12,video371"
"171.83,0.05,video372"
"171.89,0.28,video373"
"172.18,0.2,video374"
"172.39,0.34,video375"
"172.74,0.08,video376"
"172.83,0.15,video377"
"172.99,0.23,video378"
"173.44,0.38,video379"
"174.11,0.12,video380"
"174.24,0.09,video381"
"174.34,0.06,video382"
"174.41,0.34,video383"
"174.76,0.17,video384"
"174.94,0.4,video385"
"175.9,0.08,video386"
"175.99,0.45,video387"
"176.45,0.54,video388"
"177.15,0.19,video389"
"177.35,0.31,video390"
"177.67,0.36,video391"
"178.04,0.16,video392"
"178.21,0.07,video393"
"178.29,0.51,video394"
"178.97,0.13,video395"
"179.11,0.51,video396"
"179.63,0.34,video397"
"180.03,0.31,video398"
"180.35,0.22,video399"
"181.37,0.17,video400"
"181.55,0.23,video401"
"181.79,0.28,video402"
"182.08,0.46,video403"
"182.55,0.09,video404"
"182.65,0.45,video405"
"183.11,0.62,video406"
"183.74,0.21,video407"
"183.96,0.12,video408"
"184.09,0.08,video409"
"184.18,0.22,video410"
"184.41,0.42,video411"
"185.25,0.44,video412"
"185.7,0.41,video413"
"186.15,0.13,video414"
"186.29,0.2,video415"
"186.5,0.29,video416"
"186.8,0.28,video417"
"187.36,0.41,video418"
"187.78,0.1,video419"
"187.89,0.67,video420"
"188.57,0.14,video421"
"188.72,0.14,video422"
"188.87,0.35,video423"
"189.23,0.52,video424"
"190.21,0.43,video425"
"190.77,0.14,video426"
"190.92,0.31,video427"
"191.27,0.13,video428"
"191.41,0.48,video429"
"191.9,0.2,video430"
"192.11,0.13,video431"
"192.25,0.44,video432"
"193.37,0.08,video433"
"193.46,0.18,video434"
"193.65,0.3,video435"
"193.96,0.13,video436"
"194.1,0.24,video437"
"194.42,0.12,video438"
"194.55,0.14,video439"
"194.7,0.21,video440"
"194.92,0.35,video441"
"195.55,0.25,video442"
"195.81,0.12,video443"
"195.94,0.11,video444"
"196.06,0.27,video445"
"196.34,0.11,video446"
"196.46,0.31,video447"
"196.78,0.4,video448"
"197.19,0.32,video449"
"197.68,0.09,video450"
"197.78,0.06,video451"
"197.85,0.37,video452"
"198.23,0.58,video453"
"199.31,0.28,video454"
"199.6,0.13,video455"
"199.74,0.12,video456"
"199.87,0.17,video457"
"200.05,0.45,video458"
"201.02,0.14,video459"
"201.17,0.4,video460"
"201.58,0.3,video461"
"201.89,0.72,video462"
"202.62,0.17,video463"
"202.8,0.46,video464"
"203.53,0.3,video465"
"203.84,0.26,video466"
"204.11,0.19,video467"
"204.31,0.16,video468"
"204.48,0.48,video469"
"204.97,0.34,video470"
"205.32,0.07,video471"
"205.4,0.08,video472"
"205.49,0.21,video473"
"206.42,0.12,video474"
"206.55,0.29,video475"
"206.85,0.15,video476"
"207.01,0.42,video477"
"208.57,0.04,video478"
"208.62,0.22,video479"
"208.85,0.32,video480"
"209.18,0.42,video481"
"209.85,0.09,video482"
"209.95,0.3,video483"
"210.26,0.13,video484"
"210.4,0.17,video485"
"210.58,0.1,video486"
"210.69,0.16,video487"
"210.86,0.21,video488"
"211.08,0.25,video489"
"211.34,0.24,video490"
"211.59,0.13,video491"
"211.73,0.28,video492"
"212.02,0.35,video493"
"213.27,0.16,video494"
"213.44,0.14,video495"
"213.59,0.21,video496"
"213.81,0.11,video497"
"213.93,0.06,video498"
"214.0,0.76,video499"
"214.77,0.41,video500"
"215.19,0.27,video501"
"215.47,0.16,video502"
"215.64,0.07,video503"
"215.72,0.53,video504"
"216.26,0.15,video505"
"216.42,0.71,video506"
"217.14,0.17,video507"
"217.32,0.2,video508"
"217.53,0.54,video509"
"218.13,0.19,video510"
"218.33,0.23,video511"
"218.57,0.24,video512"
"218.82,0.23,video513"
"219.95,0.18,video514"
"220.14,0.3,video515"
"220.45,0.24,video516"
"220.7,0.18,video517"
"220.89,0.2,video518"
"221.1,0.33,video519"
"221.44,0.07,video520"
"221.52,0.19,video521"
"221.72,0.34,video522"
"222.07,0.09,video523"
"222.17,0.37,video524"
"222.92,0.16,video525"
"223.09,0.28,video526"
"223.38,0.26,video527"
"223.65,0.31,video528"
"224.06,0.36,video529"
"224.43,0.19,video530"
"224.63,0.44,video531"
"225.08,0.25,video532"
"225.34,0.18,video533"
"225.53,0.16,video534"
"225.7,0.4,video535"
"226.14,0.3,video536"
"226.48,0.2,video537"
"227.39,0.12,video538"
"227.52,0.39,video539"
"227.92,0.19,video540"
"228.12,0.19,video541"
"228.32,0.29,video542"
"228.62,0.14,video543"
"228.81,0.55,video544"
"229.49,0.12,video545"
"229.62,0.17,video546"
"229.8,0.07,video547"
"229.88,0.02,video548"
"229.91,0.31,video549"
"230.23,0.27,video550"
"230.51,0.34,video551"
"230.9,0.1,video552"
"231.01,0.06,video553"
"231.08,0.42,video554"
"231.51,0.38,video555"
"232.4,0.32,video556"
"232.97,0.19,video557"
"233.17,0.24,video558"
"233.42,0.61,video559"
"234.09,0.1,video560"
"234.2,0.28,video561"
"234.49,0.67,video562"
"235.76,0.54,video563"
"236.34,0.29,video564"
"236.64,0.19,video565"
"236.84,0.37,video566"
"237.22,0.22,video567"
"237.45,0.42,video568"
"237.88,0.17,video569"
"238.06,0.23,video570"
"238.3,0.52,video571"
"239.0,0.16,video572"
"239.17,0.17,video573"
"239.35,0.17,video574"
"239.53,0.45,video575"
"239.99,0.12,video576"
"240.12,0.27,video577"
"240.4,0.03,video578"
"240.44,0.5,video579"
"241.94,0.13,video580"
"242.08,0.08,video581"
"242.17,0.36,video582"
"242.54,0.67,video583"
"243.26,0.15,video584"
"243.42,0.12,video585"
"243.55,0.09,video586"
"243.65,0.49,video587"
"244.2,0.58,video588"
"245.54,0.26,video589"
"245.81,0.31,video590"
"246.13,0.38,video591"
"246.52,0.06,video592"
"246.59,0.23,video593"
"246.88,0.83,video594"
"247.72,0.15,video595"
"247.88,0.33,video596"
"248.22,0.1,video597"
"248.33,0.11,video598"
"248.45,0.26,video599"
"248.72,0.08,video600"
"248.81,0.16,video601"
"248.98,0.31,video602"
"249.78,0.23,video603"
"250.02,0.06,video604"
"250.09,0.8,video605"
"250.94,0.25,video606"
"251.2,0.49,video607"
"251.7,0.09,video608"
"251.8,0.07,video609"
"251.88,0.21,video610"
"252.1,0.32,video611"
"253.26,0.2,video612"
"253.47,0.29,video613"
"253.77,0.06,video614"
"253.84,0.73,video615"
"254.58,0.22,video616"
"254.81,0.49,video617"
"255.31,0.14,video618"
"255.46,0.26,video619"
"255.73,0.07,video620"
"255.81,0.15,video621"
"255.97,0.42,video622"
"256.4,0.12,video623"
"256.53,0.5,video624"
"257.04,0.05,video625"
"257.1,0.7,video626"
"258.02,0.15,video627"
"258.18,0.18,video628"
"258.37,0.62,video629"
"259.05,0.16,video630"
"259.22,0.04,video631"
"259.27,0.5,video632"
"261.32,0.11,video633"
"261.44,0.03,video634"
"261.48,0.29,video635"
"261.78,0.34,video636"
"262.13,0.13,video637"
"262.27,0.51,video638"
"263.06,0.13,video639"
"263.2,0.17,video640"
"263.38,0.02,video641"
"263.41,0.28,video642"
"263.7,0.61,video643"
"264.32,0.09,video644"
"264.42,0.15,video645"
"264.58,0.23,video646"
"264.82,0.58,video647"
"266.36,0.15,video648"
"266.52,0.33,video649"
"267.24,0.22,video650"
"267.47,0.4,video651"
"267.92,0.11,video652"
"268.04,0.16,video653"
"268.21,0.37,video654"
"268.59,0.47,video655"
"269.68,0.13,video656"
"269.82,0.22,video657"
"270.05,0.44,video658"
"271.18,0.08,video659"
"271.27,0.52,video660"
"271.8,0.31,video661"
"272.12,0.52,video662"
"272.65,0.12,video663"
"272.78,0.06,video664"
"272.85,0.28,video665"
"273.14,1.02,video666"
"274.17,0.75,video667"
"275.28,0.21,video668"
"275.5,0.11,video669"
"275.62,0.64,video670"
"276.43,0.31,video671"
"276.75,0.26,video672"
"277.02,0.33,video673"
"277.51,0.25,video674"
"277.77,0.2,video675"
"277.98,0.17,video676"
"278.16,0.36,video677"
"278.53,0.36,video678"
"278.9,0.41,video679"
"280.53,0.11,video680"
"280.65,0.51,video681"
"281.17,0.2,video682"
"281.38,0.4,video683"
"281.79,0.21,video684"
"282.01,0.12,video685"
"282.14,0.53,video686"
"282.68,0.22,video687"
"282.91,0.5,video688"
"284.09,0.22,video689"
"284.32,0.48,video690"
"284.81,0.13,video691"
"284.95,0.12,video692"
"285.08,0.67,video693"
"286.16,0.26,video694"
"286.43,0.09,video695"
"286.53,0.61,video696"
"287.15,0.15,video697"
"287.31,0.19,video698"
"287.51,0.12,video699"
"287.64,0.25,video700"
"287.9,0.16,video701"
"288.07,0.09,video702"
"288.17,0.1,video703"
"288.28,0.39,video704"
"288.68,0.29,video705"
"288.98,0.2,video706"
"289.19,0.29,video707"
"289.49,0.2,video708"
"289.7,0.1,video709"
"289.81,0.17,video710"
"289.99,0.13,video711"
"290.13,0.29,video712"
"290.43,0.08,video713"
"290.52,0.18,video714"
"290.71,0.03,video715"
"290.75,0.29,video716"
"291.05,0.06,video717"
"291.12,0.46,video718"
"292.97,0.12,video719"
"293.1,0.41,video720"
"294.14,0.33,video721"
"294.48,0.39,video722"
"295.38,0.21,video723"
"295.6,0.16,video724"
"295.77,0.63,video725"
"297.24,0.17,video726"
"297.42,0.38,video727"
"298.7,0.63,video728"
"299.34,0.15,video729"
"299.5,0.34,video730"
"299.85,0.53,video731"
"300.97,0.48,video732"
"301.46,0.51,video733"
"301.98,0.38,video734"
"302.37,0.27,video735"
"302.65,0.55,video736"
"303.57,0.19,video737"
"303.77,0.11,video738"
"303.89,0.15,video739"
"304.05,0.49,video740"
"304.55,1.05,video741"
"305.83,0.2,video742"
"306.04,0.39,video743"
"306.44,0.2,video744"
"306.65,0.0700000000001,video745"
"306.73,0.27,video746"
"307.01,0.27,video747"
"307.29,0.25,video748"
"307.55,0.32,video749"
"308.03,0.22,video750"
"308.26,0.34,video751"
"308.61,0.14,video752"
"308.76,0.17,video753"
"308.94,0.06,video754"
"309.01,0.52,video755"
"309.54,0.44,video756"
"310.17,0.15,video757"
"310.33,0.07,video758"
"310.41,0.2,video759"
"310.62,0.27,video760"
"310.9,0.21,video761"
"311.12,0.08,video762"
"311.21,0.33,video763"
"311.55,0.27,video764"
"311.83,0.42,video765"
"313.37,0.16,video766"
"313.54,0.11,video767"
"313.66,0.32,video768"
"313.99,0.16,video769"
"314.16,0.29,video770"
"314.46,0.23,video771"
"314.7,0.24,video772"
"314.95,0.35,video773"
"315.31,0.22,video774"
"315.54,0.27,video775"
"315.82,0.53,video776"
"316.36,0.11,video777"
"316.48,0.3,video778"
"316.79,0.52,video779"
"317.55,0.12,video780"
"317.68,0.13,video781"
"317.82,0.23,video782"
"318.06,0.25,video783"
"318.32,0.51,video784"
"318.84,0.83,video785"
"319.83,0.88,video786"
"320.72,0.19,video787"
"320.92,0.34,video788"
"321.27,0.14,video789"
"321.42,0.13,video790"
"321.56,0.12,video791"
"321.69,0.19,video792"
"321.89,0.12,video793"
"322.02,0.18,video794"
"322.21,0.14,video795"
"322.36,0.03,video796"
"322.4,0.44,video797"
"324.15,0.12,video798"
"324.28,0.18,video799"
"324.47,0.55,video800"
"325.2,0.15,video801"
"325.36,0.34,video802"
"325.71,0.53,video803"
"326.25,0.26,video804"
"326.52,0.14,video805"
"326.67,0.07,video806"
"326.75,0.23,video807"
"326.99,0.36,video808"
"327.55,0.11,video809"
"327.67,0.21,video810"
"327.89,0.35,video811"
"328.81,0.36,video812"
"329.18,0.61,video813"
"329.8,0.38,video814"
"330.19,0.1,video815"
"330.3,0.83,video816"
"331.14,0.1,video817"
"331.25,0.23,video818"
"331.49,0.1,video819"
"331.6,0.16,video820"
"331.77,0.25,video821"
"332.98,0.14,video822"
"333.13,0.23,video823"
"333.37,0.22,video824"
"333.6,0.52,video825"
"334.67,0.09,video826"
"334.77,0.34,video827"
"335.12,0.49,video828"
"335.62,0.15,video829"
"335.78,0.16,video830"
"335.95,0.64,video831"
"337.08,0.3,video832"
"337.39,0.62,video833"
"338.02,0.66,video834"
"339.13,0.2,video835"
"339.34,0.29,video836"
"339.64,0.1,video837"
"339.75,0.35,video838"
"340.11,0.12,video839"
"340.24,0.39,video840"
"340.64,0.16,video841"
"340.81,0.3,video842"
"341.32,0.19,video843"
"341.52,0.08,video844"
"341.61,0.45,video845"
"342.07,0.12,video846"
"342.2,0.24,video847"
"342.45,0.02,video848"
"342.48,0.72,video849"
"343.21,0.66,video850"
"343.94,0.13,video851"
"344.08,0.37,video852"
"344.46,0.13,video853"
"344.6,0.14,video854"
"344.75,0.39,video855"
"345.15,0.36,video856"
"346.26,0.39,video857"
"346.84,0.18,video858"
"347.03,0.76,video859"
"347.83,0.61,video860"
"349.45,0.29,video861"
"349.75,0.03,video862"
"349.79,0.4,video863"
"350.2,0.5,video864"
"350.71,0.11,video865"
"350.83,0.11,video866"
"350.95,0.21,video867"
"351.17,0.36,video868"
"351.79,0.17,video869"
"351.97,0.3,video870"
"352.28,0.77,video871"
"353.06,0.37,video872"
"353.58,0.1,video873"
"353.69,0.34,video874"
"354.04,0.44,video875"
"354.49,0.35,video876"
"354.85,0.43,video877"
"355.52,0.41,video878"
"356.36,0.07,video879"
"356.44,0.15,video880"
"356.6,0.16,video881"
"356.77,0.15,video882"
"356.93,0.53,video883"
"357.47,0.15,video884"
"358.73,0.15,video885"
"358.89,0.11,video886"
"359.01,0.06,video887"
"359.08,0.05,video888"
"359.14,0.43,video889"
"359.58,0.14,video890"
"359.73,0.16,video891"
"359.9,0.36,video892"
"360.27,0.11,video893"
"360.39,0.38,video894"
"360.78,0.27,video895"
"361.06,0.28,video896"
"361.35,0.2,video897"
"361.56,0.29,video898"
"361.86,0.08,video899"
"361.95,0.46,video900"
"362.42,0.23,video901"
"362.66,0.11,video902"
"362.78,0.09,video903"
"362.88,0.25,video904"
"364.0,0.14,video905"
"364.15,0.12,video906"
"364.28,0.44,video907"
"364.87,0.24,video908"
"365.12,0.31,video909"
"365.44,0.21,video910"
"365.66,0.44,video911"
"366.76,0.58,video912"
"368.05,0.35,video913"
"368.41,0.15,video914"
"368.57,0.39,video915"
"370.77,0.11,video916"
"370.89,0.37,video917"
"371.27,0.09,video918"
"371.37,0.48,video919"
"371.86,0.38,video920"
"372.25,0.07,video921"
"372.33,0.14,video922"
"372.48,0.31,video923"
"372.8,0.45,video924"
"373.81,0.28,video925"
"374.1,0.13,video926"
"374.24,0.29,video927"
"374.54,0.48,video928"
"375.03,0.16,video929"
"375.2,0.63,video930"
"376.07,0.26,video931"
"376.34,0.4,video932"
"376.75,0.12,video933"
"376.88,0.09,video934"
"376.98,0.52,video935"
"377.51,0.12,video936"
"377.64,0.42,video937"
"378.07,0.68,video938"
"380.24,0.21,video939"
"380.46,0.11,video940"
"380.58,0.18,video941"
"380.77,0.29,video942"
"381.07,0.09,video943"
"381.17,0.24,video944"
"381.42,0.19,video945"
"381.62,0.07,video946"
"381.7,0.19,video947"
"381.9,0.75,video948"
"382.69,0.12,video949"
"382.82,0.34,video950"
"383.17,0.22,video951"
"383.4,0.05,video952"
"383.46,0.31,video953"
"383.78,0.38,video954"
"384.17,0.1,video955"
"384.28,0.22,video956"
"384.51,0.16,video957"
"384.68,0.67,video958"
"385.8,0.19,video959"
"386.0,0.15,video960"
"386.16,0.29,video961"
"386.46,0.28,video962"
"387.8,0.11,video963"
"387.92,0.15,video964"
"388.08,0.23,video965"
"388.32,0.07,video966"
"388.4,0.63,video967"
"389.04,0.13,video968"
"389.18,0.23,video969"
"389.42,0.15,video970"
"389.58,0.05,video971"
"389.64,0.16,video972"
"389.81,0.63,video973"
"390.94,0.16,video974"
"391.11,0.24,video975"
"391.36,0.13,video976"
"391.5,0.18,video977"
"391.69,0.33,video978"
"392.03,0.19,video979"
"392.46,0.29,video980"
"392.76,0.12,video981"
"392.89,0.71,video982"
"393.81,0.15,video983"
"393.97,0.49,video984"
"394.66,0.3,video985"
"394.97,0.35,video986"
"397.04,0.39,video987"
"397.44,0.08,video988"
"397.53,0.18,video989"
"397.72,0.47,video990"
"398.23,0.5,video991"
"398.87,0.08,video992"
"398.96,0.2,video993"
"399.42,0.37,video994"
"399.8,0.13,video995"
"399.98,0.11,video996"
"400.1,0.61,video997"
"400.72,0.24,video998"
"400.97,0.3,video999"
"401.28,0.13,video1000"
"401.52,0.5,video1001"
"402.03,0.5,video1002"
"402.6,0.12,video1003"
"402.73,0.07,video1004"
"402.81,0.2,video1005"
"403.02,0.14,video1006"
"403.17,0.07,video1007"
"403.25,0.44,video1008"
"403.7,0.05,video1009"
"403.76,0.59,video1010"
"404.36,0.29,video1011"
"404.66,0.27,video1012"
"404.94,0.23,video1013"
"405.18,0.51,video1014"
"405.7,0.23,video1015"
"407.09,0.32,video1016"
"407.42,0.07,video1017"
"407.5,0.15,video1018"
"407.66,0.28,video1019"
"407.95,0.21,video1020"
"408.52,0.45,video1021"
"408.98,0.27,video1022"
"409.26,0.05,video1023"
"409.32,0.46,video1024"
"409.79,0.04,video1025"
"409.84,0.3,video1026"
"410.15,0.3,video1027"
"410.46,0.7,video1028"
"411.3,0.42,video1029"
"411.73,0.18,video1030"
"411.92,0.47,video1031"
"412.4,0.19,video1032"
"412.6,0.65,video1033"
"413.53,0.87,video1034"
"414.41,0.32,video1035"
"414.74,0.35,video1036"
"415.1,0.43,video1037"
"416.53,0.71,video1038"
"417.25,0.14,video1039"
"417.4,0.26,video1040"
"417.67,0.4,video1041"
"418.08,0.12,video1042"
"418.21,0.42,video1043"
"418.64,0.33,video1044"
"418.98,0.15,video1045"
"419.14,0.24,video1046"
"419.39,0.12,video1047"
"420.06,0.17,video1048"
"420.24,0.51,video1049"
"420.76,0.1,video1050"
"420.87,0.41,video1051"
"421.29,0.05,video1052"
"421.35,0.31,video1053"
"421.67,0.22,video1054"
"421.9,0.2,video1055"
"422.11,0.29,video1056"
"422.41,0.11,video1057"
"422.53,0.24,video1058"
"422.78,0.31,video1059"
"423.47,0.21,video1060"
"423.69,0.07,video1061"
"423.77,0.36,video1062"
"424.26,0.43,video1063"
"424.7,0.62,video1064"
"425.33,0.13,video1065"
"425.47,0.3,video1066"
"425.78,0.08,video1067"
"425.87,0.58,video1068"
"426.46,0.1,video1069"
"426.57,0.15,video1070"
"426.73,0.31,video1071"
"427.05,0.14,video1072"
"427.2,0.11,video1073"
"427.32,0.08,video1074"
"427.41,0.4,video1075"
"427.82,0.36,video1076"
"428.58,0.26,video1077"
"428.85,0.54,video1078"
"429.4,0.35,video1079"
"430.09,0.14,video1080"
"430.24,0.22,video1081"
"430.47,0.17,video1082"
"430.65,0.22,video1083"
"430.88,0.27,video1084"
"431.42,0.41,video1085"
"432.19,0.15,video1086"
"432.35,0.18,video1087"
"432.54,0.09,video1088"
"432.64,0.03,video1089"
"432.68,0.38,video1090"
"433.07,0.12,video1091"
"433.2,0.08,video1092"
"433.42,0.15,video1093"
"433.58,0.14,video1094"
"433.73,0.09,video1095"
"433.83,0.44,video1096"
"434.28,0.14,video1097"
"434.43,0.39,video1098"
"435.87,0.14,video1099"
"436.02,0.23,video1100"
"436.26,0.08,video1101"
"436.35,0.25,video1102"
"436.61,0.36,video1103"
"437.44,0.32,video1104"
"437.92,0.61,video1105"
"438.57,0.63,video1106"
"439.9,0.16,video1107"
"440.07,0.56,video1108"
"440.64,0.59,video1109"
"441.24,0.06,video1110"
"441.31,0.71,video1111"
"442.49,0.15,video1112"
"442.65,0.53,video1113"
"443.19,0.19,video1114"
"443.39,0.09,video1115"
"443.49,0.5,video1116"
"444.0,0.16,video1117"
"444.17,0.03,video1118"
"444.21,0.4,video1119"
"444.62,0.29,video1120"
"444.92,0.28,video1121"
"445.21,0.25,video1122"
"446.15,0.48,video1123"
"446.91,0.15,video1124"
"447.07,0.35,video1125"
"447.43,0.32,video1126"
"447.76,0.3,video1127"
"448.07,0.26,video1128"
"448.34,0.81,video1129"
"449.16,0.16,video1130"
"449.33,0.24,video1131"
"449.58,0.81,video1132"
"452.03,0.12,video1133"
"452.16,0.19,video1134"
"452.36,0.29,video1135"
"452.66,0.13,video1136"
"452.8,0.31,video1137"
"453.12,0.64,video1138"
"453.77,0.05,video1139"
"453.83,0.36,video1140"
"454.2,0.84,video1141"
"455.31,0.54,video1142"
"456.12,0.1,video1143"
"456.23,0.15,video1144"
"456.39,0.47,video1145"
"456.87,0.75,video1146"
"457.81,0.11,video1147"
"457.93,0.56,video1148"
"458.63,0.11,video1149"
"458.75,0.51,video1150"
"459.27,0.11,video1151"
"459.39,0.12,video1152"
"459.52,0.46,video1153"
"461.27,0.37,video1154"
"461.65,0.2,video1155"
"461.86,0.17,video1156"
"462.04,0.3,video1157"
"462.35,0.08,video1158"
"462.44,0.43,video1159"
"462.88,0.1,video1160"
"462.99,0.18,video1161"
"463.18,0.2,video1162"
"463.39,0.35,video1163"
"463.75,0.18,video1164"
"463.94,0.16,video1165"
"464.11,0.24,video1166"
"464.36,0.06,video1167"
"464.43,0.07,video1168"
"464.51,0.39,video1169"
"465.48,0.17,video1170"
"465.66,0.43,video1171"
"466.18,0.14,video1172"
"466.33,0.65,video1173"
"467.05,0.15,video1174"
"467.21,0.54,video1175"
"468.54,0.69,video1176"
"469.24,0.22,video1177"
"469.47,0.42,video1178"
"469.9,0.0700000000001,video1179"
"469.98,0.66,video1180"
"470.8,0.12,video1181"
"470.93,0.65,video1182"
"471.93,0.34,video1183"
"473.05,0.11,video1184"
"473.17,0.28,video1185"
"473.46,0.07,video1186"
"473.54,0.42,video1187"
"473.97,0.53,video1188"
"474.51,0.1,video1189"
"474.62,0.52,video1190"
"475.15,0.62,video1191"
"475.78,0.22,video1192"
"476.01,0.16,video1193"
"476.18,0.06,video1194"
"476.25,0.56,video1195"
"477.63,0.13,video1196"
"477.77,0.12,video1197"
"477.9,0.09,video1198"
"478.0,0.18,video1199"
"478.19,0.37,video1200"
"478.7,0.16,video1201"
"478.87,0.44,video1202"
"479.32,0.58,video1203"
"480.59,0.1,video1204"
"480.7,0.1,video1205"
"480.81,0.57,video1206"
"481.39,0.16,video1207"
"481.56,0.14,video1208"
"481.71,0.2,video1209"
"481.92,0.22,video1210"
"482.15,0.1,video1211"
"482.26,0.08,video1212"
"482.35,0.5,video1213"
"482.89,0.66,video1214"
"483.56,0.25,video1215"
"483.82,0.42,video1216"
"484.83,0.69,video1217"
"485.57,0.11,video1218"
"485.69,0.23,video1219"
"485.93,0.05,video1220"
"485.99,0.38,video1221"
"486.38,0.61,video1222"
"487.14,0.19,video1223"
"487.34,0.0700000000001,video1224"
"487.42,0.7,video1225"
"488.13,0.1,video1226"
"488.24,0.25,video1227"
"488.5,0.25,video1228"
"488.76,0.38,video1229"
"490.06,0.15,video1230"
"490.22,0.44,video1231"
"490.73,0.09,video1232"
"490.83,0.51,video1233"
"491.35,0.09,video1234"
"491.45,0.09,video1235"
"491.55,0.36,video1236"
"491.92,0.4,video1237"
"493.2,0.13,video1238"
"493.34,0.19,video1239"
"493.54,0.07,video1240"
"493.62,0.27,video1241"
"493.9,0.14,video1242"
"494.05,0.08,video1243"
"494.14,0.57,video1244"
"495.39,0.15,video1245"
"495.55,0.26,video1246"
"495.85,0.32,video1247"
"496.21,0.17,video1248"
"496.39,0.18,video1249"
"496.58,0.11,video1250"
"496.7,0.42,video1251"
"498.2,1.98,video1252"
"502.92,0.25,video1253"
"503.18,0.17,video1254"
"503.36,0.13,video1255"
"503.5,0.07,video1256"
"503.58,0.11,video1257"
"503.7,0.08,video1258"
"503.79,0.14,video1259"
"503.94,0.4,video1260"
"504.61,0.25,video1261"
"504.87,0.05,video1262"
"504.93,0.23,video1263"
"505.17,0.26,video1264"
"505.44,0.14,video1265"
"505.59,0.27,video1266"
"505.87,0.16,video1267"
"506.04,0.48,video1268"
"506.72,0.36,video1269"
"507.09,0.38,video1270"
"507.48,0.1,video1271"
"507.59,0.17,video1272"
"507.77,0.33,video1273"
"508.11,0.36,video1274"
"508.48,0.14,video1275"
"508.63,0.2,video1276"
"508.84,0.04,video1277"
"508.89,0.57,video1278"
"509.47,0.05,video1279"
"509.53,0.3,video1280"
"509.84,0.26,video1281"
"510.11,0.15,video1282"
"510.27,0.19,video1283"
"511.2,0.13,video1284"
"511.34,0.27,video1285"
"511.62,0.61,video1286"
"512.67,0.18,video1287"
"512.86,0.13,video1288"
"513.0,0.49,video1289"
"513.5,0.0700000000001,video1290"
"513.58,0.55,video1291"
"514.14,0.67,video1292"
"515.43,0.1,video1293"
"515.54,0.13,video1294"
"515.68,0.58,video1295"
"516.27,0.17,video1296"
"516.45,0.36,video1297"
"517.09,0.52,video1298"
"517.62,0.21,video1299"
"517.84,0.22,video1300"
"518.07,0.67,video1301"
"518.75,0.32,video1302"
"519.08,0.6,video1303"
"520.28,0.29,video1304"
"520.58,0.39,video1305"
"522.57,0.0899999999999,video1306"
"522.67,0.21,video1307"
"522.89,0.14,video1308"
"523.04,0.3,video1309"
"523.35,0.11,video1310"
"523.47,0.16,video1311"
"523.64,0.09,video1312"
"523.74,0.25,video1313"
"524.0,0.42,video1314"
"524.43,0.21,video1315"
"524.65,0.62,video1316"
"525.28,0.1,video1317"
"525.39,0.13,video1318"
"525.53,0.26,video1319"
"525.8,0.45,video1320"
"527.65,0.19,video1321"
"527.85,0.24,video1322"
"528.1,0.05,video1323"
"528.16,0.47,video1324"
"528.74,0.41,video1325"
"529.16,0.64,video1326"
"529.81,0.43,video1327"
"530.71,0.2,video1328"
"530.92,0.1,video1329"
"531.03,0.17,video1330"
"531.21,0.13,video1331"
"531.35,0.44,video1332"
"531.8,0.14,video1333"
"531.95,0.44,video1334"
"534.49,0.14,video1335"
"534.64,0.19,video1336"
"534.84,0.12,video1337"
"534.97,0.26,video1338"
"535.24,0.11,video1339"
"535.36,0.57,video1340"
"535.94,0.2,video1341"
"536.15,0.37,video1342"
"537.5,0.25,video1343"
"538.55,0.15,video1344"
"538.71,0.19,video1345"
"538.91,0.63,video1346"
"539.55,0.29,video1347"
"540.1,0.44,video1348"
"540.58,0.15,video1349"
"540.74,0.3,video1350"
"541.05,0.0600000000001,video1351"
"541.12,0.31,video1352"
"541.44,0.04,video1353"
"541.49,0.27,video1354"
"541.77,0.19,video1355"
"541.97,0.39,video1356"
"542.41,0.56,video1357"
"543.27,0.25,video1358"
"543.53,0.16,video1359"
"543.7,0.22,video1360"
"544.64,0.09,video1361"
"544.74,0.46,video1362"
"545.21,0.38,video1363"
"545.6,0.0799999999999,video1364"
"545.69,0.32,video1365"
"546.02,0.46,video1366"
"546.49,0.12,video1367"
"546.62,0.4,video1368"
"547.03,0.24,video1369"
"547.28,0.34,video1370"
"547.63,0.2,video1371"
"547.84,0.76,video1372"
"548.61,0.29,video1373"
"548.91,0.1,video1374"
"549.02,0.24,video1375"
"549.49,0.14,video1376"
"549.64,0.14,video1377"
"549.79,0.09,video1378"
"549.89,0.13,video1379"
"550.03,0.0700000000001,video1380"
"550.11,0.98,video1381"
"551.1,0.56,video1382"
"551.67,0.1,video1383"
"551.78,0.26,video1384"
"554.55,0.13,video1385"
"554.69,0.19,video1386"
"554.89,0.02,video1387"
"554.92,0.59,video1388"
"555.52,0.15,video1389"
"555.68,0.33,video1390"
"556.02,0.0700000000001,video1391"
"556.1,0.55,video1392"
"556.94,0.18,video1393"
"557.13,0.2,video1394"
"557.34,0.49,video1395"
"557.84,0.58,video1396"
"558.43,0.32,video1397"
"558.76,0.59,video1398"
"559.36,0.12,video1399"
"559.49,0.05,video1400"
"559.55,0.22,video1401"
"559.78,0.21,video1402"
"560.0,0.68,video1403"
"561.11,0.02,video1404"
"561.14,0.27,video1405"
"561.42,0.26,video1406"
"561.69,0.37,video1407"
"562.4,0.5,video1408"
"562.91,0.09,video1409"
"563.01,0.3,video1410"
"563.45,1.01,video1411"
"565.12,0.2,video1412"
"565.33,0.36,video1413"
"565.7,0.0699999999999,video1414"
"565.78,0.09,video1415"
"565.88,0.67,video1416"
"567.74,0.47,video1417"
"568.22,0.28,video1418"
"568.51,0.2,video1419"
"568.72,0.14,video1420"
"568.87,1.1,video1421"
"570.09,0.14,video1422"
"570.24,0.77,video1423"
"571.19,0.2,video1424"
"571.4,0.27,video1425"
"571.68,0.36,video1426"
"572.05,0.63,video1427"
"572.96,0.18,video1428"
"573.15,0.24,video1429"
"573.4,0.16,video1430"
"573.57,0.39,video1431"
"574.32,0.46,video1432"
"574.79,0.12,video1433"
"574.92,0.1,video1434"
"575.03,0.29,video1435"
"575.33,0.27,video1436"
"575.61,0.52,video1437"
"577.0,0.19,video1438"
"577.2,0.0999999999999,video1439"
"577.31,0.18,video1440"
"577.5,0.08,video1441"
"577.59,0.41,video1442"
"579.68,0.17,video1443"
"579.86,0.18,video1444"
"580.05,0.16,video1445"
"580.22,0.11,video1446"
"580.34,0.32,video1447"
"580.67,0.51,video1448"
"581.19,0.29,video1449"
"581.49,0.35,video1450"
"581.85,0.27,video1451"
"582.13,0.25,video1452"
"582.39,0.2,video1453"
"582.71,0.55,video1454"
"583.27,0.63,video1455"
"583.91,0.59,video1456"
"584.51,0.21,video1457"
"584.73,0.36,video1458"
"585.1,0.27,video1459"
"586.06,0.11,video1460"
"586.18,0.29,video1461"
"587.37,0.5,video1462"
"587.98,0.03,video1463"
"588.02,0.27,video1464"
"588.3,0.2,video1465"
"588.51,0.78,video1466"
"589.3,0.19,video1467"
"589.5,0.24,video1468"
"589.75,0.18,video1469"
"589.94,0.34,video1470"
"590.29,0.12,video1471"
"590.42,0.35,video1472"
"591.39,0.15,video1473"
"591.55,0.15,video1474"
"591.71,0.88,video1475"
"592.6,1.0,video1476"
"594.76,0.16,video1477"
"594.93,0.85,video1478"
"595.79,0.2,video1479"
"596.0,0.68,video1480"
"596.69,0.22,video1481"
"596.92,0.37,video1482"
"597.3,0.6,video1483"
"597.98,0.14,video1484"
"598.13,0.14,video1485"
"598.28,0.19,video1486"
"598.48,0.48,video1487"
"599.45,0.32,video1488"
"599.89,0.31,video1489"
"600.21,0.16,video1490"
"600.38,0.08,video1491"
"600.47,0.18,video1492"
"600.66,0.17,video1493"
"600.84,0.41,video1494"
"601.61,0.3,video1495"
"602.19,0.0999999999999,video1496"
"602.3,0.14,video1497"
"602.45,0.05,video1498"
"602.51,0.18,video1499"
"602.7,0.54,video1500"
"603.25,0.1,video1501"
"603.36,0.27,video1502"
"603.64,0.1,video1503"
"603.75,0.44,video1504"
"605.32,0.19,video1505"
"605.52,0.27,video1506"
"605.86,0.15,video1507"
"606.02,0.22,video1508"
"606.25,0.27,video1509"
"606.53,0.12,video1510"
"606.66,0.43,video1511"
"607.1,0.21,video1512"
"607.32,0.3,video1513"
"607.63,0.46,video1514"
"608.1,0.22,video1515"
"608.33,0.0999999999999,video1516"
"608.44,0.64,video1517"
"609.38,0.11,video1518"
"609.5,0.42,video1519"
"609.93,0.16,video1520"
"610.1,0.13,video1521"
"610.24,0.38,video1522"
"610.63,0.42,video1523"
"611.83,0.33,video1524"
"612.17,0.1,video1525"
"612.28,0.32,video1526"
"612.61,0.22,video1527"
"612.84,0.27,video1528"
"613.12,0.42,video1529"
"614.01,0.84,video1530"
"614.86,0.68,video1531"
"615.61,0.57,video1532"
"616.55,0.31,video1533"
"616.87,0.05,video1534"
"616.93,0.78,video1535"
"617.98,0.14,video1536"
"618.13,0.0700000000001,video1537"
"618.21,0.22,video1538"
"618.44,0.67,video1539"
"619.12,0.35,video1540"
"619.48,0.55,video1541"
"620.29,0.11,video1542"
"620.41,0.31,video1543"
"620.73,0.16,video1544"
"620.9,0.26,video1545"
"621.21,0.47,video1546"
"622.53,0.03,video1547"
"622.57,0.43,video1548"
"623.01,0.16,video1549"
"623.18,0.61,video1550"
"623.8,0.21,video1551"
"624.02,0.23,video1552"
"624.26,0.46,video1553"
"624.73,0.56,video1554"
"625.42,0.17,video1555"
"625.6,0.44,video1556"
"626.05,0.33,video1557"
"626.39,0.24,video1558"
"626.99,0.21,video1559"
"627.21,0.0599999999999,video1560"
"627.28,0.24,video1561"
"627.53,0.39,video1562"
"627.93,0.15,video1563"
"628.09,0.44,video1564"
"628.82,0.79,video1565"
"629.72,0.2,video1566"
"629.93,0.0500000000001,video1567"
"629.99,0.98,video1568"
"631.08,0.0999999999999,video1569"
"631.19,0.13,video1570"
"631.33,0.48,video1571"
"632.03,0.08,video1572"
"632.12,0.11,video1573"
"632.24,0.21,video1574"
"632.46,0.11,video1575"
"632.58,0.0999999999999,video1576"
"632.69,0.18,video1577"
"632.88,0.21,video1578"
"633.93,0.25,video1579"
"634.19,0.26,video1580"
"634.46,0.26,video1581"
"634.73,0.42,video1582"
"635.28,0.11,video1583"
"635.4,0.0600000000001,video1584"
"635.47,0.25,video1585"
"635.73,0.09,video1586"
"635.83,0.0599999999999,video1587"
"635.9,0.31,video1588"
"636.22,0.58,video1589"
"638.07,0.17,video1590"
"638.25,0.73,video1591"
"639.06,0.59,video1592"
"640.28,0.14,video1593"
"640.43,0.16,video1594"
"640.6,0.05,video1595"
"640.66,0.12,video1596"
"640.79,0.48,video1597"
"641.28,0.22,video1598"
"642.06,0.12,video1599"
"642.19,0.0599999999999,video1600"
"642.26,0.66,video1601"
"642.93,0.53,video1602"
"643.47,0.22,video1603"
"643.7,0.54,video1604"
"645.48,0.2,video1605"
"645.69,0.85,video1606"
"648.18,0.14,video1607"
"648.33,0.25,video1608"
"648.59,0.64,video1609"
"649.24,0.32,video1610"
"649.57,0.25,video1611"
"649.83,0.58,video1612"
"650.42,0.22,video1613"
"650.65,0.55,video1614"
"651.21,0.28,video1615"
"651.5,0.0599999999999,video1616"
"651.57,0.42,video1617"
"652.52,0.13,video1618"
"652.66,0.14,video1619"
"652.81,0.24,video1620"
"653.06,0.23,video1621"
"653.3,0.0600000000001,video1622"
"653.37,0.61,video1623"
"654.09,0.84,video1624"
"654.94,0.17,video1625"
"655.12,0.09,video1626"
"655.22,0.25,video1627"
"655.48,0.19,video1628"
"655.68,0.47,video1629"
"656.16,0.28,video1630"
"656.45,0.41,video1631"
"656.87,0.21,video1632"
"657.09,0.42,video1633"
"657.52,0.29,video1634"
"657.82,0.49,video1635"
"658.84,0.12,video1636"
"658.97,0.0799999999999,video1637"
"659.06,0.7,video1638"
"659.77,0.31,video1639"
"660.09,0.27,video1640"
"660.37,0.7,video1641"
"661.08,0.31,video1642"
"661.4,0.74,video1643"
"662.95,0.46,video1644"
"663.42,0.45,video1645"
"663.88,0.1,video1646"
"663.99,0.33,video1647"
"664.33,0.0699999999999,video1648"
"664.41,0.67,video1649"
"665.38,0.41,video1650"
"666.07,0.63,video1651"
"666.71,0.14,video1652"
"666.86,0.54,video1653"
"667.41,0.08,video1654"
"667.5,0.46,video1655"
"667.97,0.0899999999999,video1656"
"668.07,0.57,video1657"
"669.88,0.17,video1658"
"670.06,0.23,video1659"
"670.3,0.0600000000001,video1660"
"670.37,0.55,video1661"
"670.93,0.4,video1662"
"672.92,0.15,video1663"
"673.08,0.12,video1664"
"673.21,0.21,video1665"
"673.43,0.43,video1666"
"673.87,0.44,video1667"
"674.89,0.11,video1668"
"675.01,0.0700000000001,video1669"
"675.09,0.2,video1670"
"675.3,0.12,video1671"
"675.43,0.37,video1672"
"675.81,0.0600000000001,video1673"
"675.88,0.5,video1674"
"676.39,0.64,video1675"
"677.73,0.12,video1676"
"677.86,0.22,video1677"
"678.09,0.16,video1678"
"678.26,0.36,video1679"
"678.63,0.11,video1680"
"678.75,0.37,video1681"
"679.13,0.12,video1682"
"679.26,0.29,video1683"
"679.56,0.48,video1684"
"680.08,0.22,video1685"
"680.31,0.14,video1686"
"680.46,0.49,video1687"
"683.12,0.31,video1688"
"683.44,0.37,video1689"
"683.82,0.17,video1690"
"684.0,0.12,video1691"
"684.13,0.05,video1692"
"684.19,0.0999999999999,video1693"
"684.3,0.49,video1694"
"684.8,0.63,video1695"
"686.39,0.16,video1696"
"686.56,0.16,video1697"
"686.73,0.16,video1698"
"686.9,0.37,video1699"
"687.28,0.4,video1700"
"687.69,0.25,video1701"
"687.95,0.15,video1702"
"688.11,0.99,video1703"
"689.11,0.39,video1704"
"689.51,0.08,video1705"
"689.6,0.3,video1706"
"690.15,0.12,video1707"
"690.28,0.24,video1708"
"690.64,0.83,video1709"
"691.48,0.65,video1710"
"692.17,0.0700000000001,video1711"
"692.25,0.0700000000001,video1712"
"692.33,0.54,video1713"
"694.56,0.15,video1714"
"694.72,0.36,video1715"
"695.09,0.36,video1716"
"695.68,0.09,video1717"
"695.78,0.47,video1718"
"696.26,0.17,video1719"
"696.44,0.27,video1720"
"696.72,0.66,video1721"
"697.83,0.18,video1722"
"698.02,0.23,video1723"
"698.26,0.53,video1724"
"699.79,0.57,video1725"
"700.37,0.15,video1726"
"700.53,0.19,video1727"
"700.73,0.24,video1728"
"700.98,0.21,video1729"
"701.2,0.39,video1730"
"701.6,0.82,video1731"
"702.43,0.16,video1732"
"702.6,0.17,video1733"
"702.78,0.85,video1734"
"704.08,0.44,video1735"
"704.91,0.28,video1736"
"705.2,0.11,video1737"
"705.32,0.45,video1738"
"705.78,0.29,video1739"
"706.08,0.55,video1740"
"706.64,0.29,video1741"
"706.94,0.11,video1742"
"707.06,0.14,video1743"
"707.21,0.21,video1744"
"707.43,0.36,video1745"
"707.8,0.34,video1746"
"708.2,0.57,video1747"
"708.78,0.6,video1748"
"710.33,0.11,video1749"
"710.45,0.13,video1750"
"710.59,0.2,video1751"
"710.8,0.16,video1752"
"710.97,0.14,video1753"
"711.17,0.39,video1754"
"711.57,0.55,video1755"
"712.13,0.14,video1756"
"712.28,0.84,video1757"
"714.26,0.13,video1758"
"715.83,0.33,video1759"
"716.17,0.19,video1760"
"716.37,0.27,video1761"
"716.97,0.22,video1762"
"717.2,0.12,video1763"
"717.33,0.04,video1764"
"717.38,0.86,video1765"
"718.91,0.4,video1766"
"719.32,0.21,video1767"
"719.54,0.78,video1768"
"720.33,0.0799999999999,video1769"
"720.42,0.46,video1770"
"720.92,0.09,video1771"
"721.02,0.45,video1772"
"721.48,0.68,video1773"
"722.39,0.08,video1774"
"722.48,0.24,video1775"
"722.73,0.68,video1776"
"723.77,0.13,video1777"
"723.91,0.0700000000001,video1778"
"723.99,0.41,video1779"
"724.41,0.75,video1780"
"725.3,0.09,video1781"
"725.4,0.21,video1782"
"725.62,0.58,video1783"
"727.67,0.91,video1784"
"728.59,0.13,video1785"
"728.73,0.05,video1786"
"728.79,0.71,video1787"
"730.79,0.21,video1788"
"731.01,0.37,video1789"
"731.39,0.13,video1790"
"731.53,0.0600000000001,video1791"
"731.6,0.37,video1792"
"731.98,0.61,video1793"
"734.11,0.0599999999999,video1794"
"734.18,0.21,video1795"
"734.4,0.09,video1796"
"734.5,0.31,video1797"
"734.82,0.25,video1798"
"735.08,0.23,video1799"
"735.32,0.16,video1800"
"735.54,0.56,video1801"
"736.11,0.09,video1802"
"736.21,0.23,video1803"
"736.45,0.64,video1804"
"738.89,0.45,video1805"
"739.35,0.34,video1806"
"739.84,0.14,video1807"
"739.99,0.0599999999999,video1808"
"740.06,0.32,video1809"
"740.39,0.45,video1810"
"740.85,0.41,video1811"
"741.27,0.44,video1812"
"741.72,0.65,video1813"
"742.62,0.12,video1814"
"742.75,0.49,video1815"
"744.11,0.15,video1816"
"744.27,0.14,video1817"
"744.42,0.36,video1818"
"744.79,0.52,video1819"
"745.94,0.14,video1820"
"746.09,0.27,video1821"
"746.37,0.13,video1822"
"746.51,0.1,video1823"
"746.76,0.66,video1824"
"747.43,0.16,video1825"
"747.6,0.44,video1826"
"748.05,0.09,video1827"
"748.15,0.46,video1828"
"748.62,0.1,video1829"
"748.73,0.27,video1830"
"749.01,0.2,video1831"
"749.22,0.41,video1832"
"749.64,0.17,video1833"
"749.82,0.38,video1834"
"750.78,0.89,video1835"
"751.68,0.91,video1836"
"752.75,0.23,video1837"
"752.99,0.43,video1838"
"753.61,0.15,video1839"
"753.77,0.12,video1840"
"753.9,0.43,video1841"
"754.34,0.68,video1842"
"755.03,0.1,video1843"
"755.14,0.18,video1844"
"755.33,0.25,video1845"
"755.59,0.27,video1846"
"756.46,0.22,video1847"
"756.69,0.5,video1848"
"757.2,0.16,video1849"
"757.37,0.16,video1850"
"757.54,0.29,video1851"
"757.84,0.28,video1852"
"759.48,0.21,video1853"
"759.7,0.48,video1854"
"760.19,0.48,video1855"
"761.02,0.45,video1856"
"762.69,0.34,video1857"
"763.04,0.4,video1858"
"763.68,0.54,video1859"
"764.23,0.66,video1860"
"765.04,0.12,video1861"
"765.17,0.5,video1862"
"765.82,0.2,video1863"
"766.03,0.16,video1864"
"766.2,0.0899999999999,video1865"
"766.3,0.26,video1866"
"767.97,0.65,video1867"
"768.79,0.4,video1868"
"769.2,0.26,video1869"
"769.47,0.47,video1870"
"770.35,0.49,video1871"
"770.85,0.7,video1872"
"771.56,0.09,video1873"
"771.66,0.09,video1874"
"771.76,0.48,video1875"
"772.25,0.8,video1876"
"774.21,0.48,video1877"
"774.7,0.39,video1878"
"775.27,0.81,video1879"
"776.27,0.11,video1880"
"776.39,0.32,video1881"
"776.72,0.49,video1882"
"777.22,0.0799999999999,video1883"
"777.31,0.32,video1884"
"777.64,0.53,video1885"
"778.18,0.11,video1886"
"778.3,0.15,video1887"
"778.46,0.0899999999999,video1888"
"778.56,0.67,video1889"
"779.66,0.16,video1890"
"779.83,0.15,video1891"
"779.99,0.13,video1892"
"780.13,0.52,video1893"
"780.66,0.6,video1894"
"781.27,0.09,video1895"
"781.37,0.19,video1896"
"781.57,0.17,video1897"
"781.75,0.11,video1898"
"781.87,0.25,video1899"
"783.6,0.18,video1900"
"783.79,0.65,video1901"
"784.45,0.0999999999999,video1902"
"784.56,0.22,video1903"
"784.79,0.28,video1904"
"785.08,0.63,video1905"
"785.72,0.24,video1906"
"785.97,0.2,video1907"
"786.18,0.66,video1908"
"787.05,0.13,video1909"
"787.19,0.61,video1910"
"787.81,0.08,video1911"
"787.9,0.14,video1912"
"788.05,0.33,video1913"
"788.39,0.21,video1914"
"788.61,0.41,video1915"
"789.03,0.14,video1916"
"789.18,0.37,video1917"
"789.56,0.22,video1918"
"789.79,0.4,video1919"
"791.47,0.42,video1920"
"793.69,0.31,video1921"
"794.15,0.39,video1922"
"794.55,0.68,video1923"
"795.68,0.08,video1924"
"795.77,0.13,video1925"
"795.91,0.18,video1926"
"796.1,0.21,video1927"
"796.32,0.32,video1928"
"796.65,0.32,video1929"
"798.28,0.2,video1930"
"798.49,0.22,video1931"
"798.72,0.52,video1932"
"799.25,0.14,video1933"
"799.4,0.0700000000001,video1934"
"799.48,0.36,video1935"
"799.85,0.19,video1936"
"800.22,0.2,video1937"
"800.43,0.41,video1938"
"800.85,0.78,video1939"
"801.64,0.1,video1940"
"801.75,0.24,video1941"
"802.0,0.82,video1942"
"803.91,0.29,video1943"
"804.21,0.2,video1944"
"804.42,0.18,video1945"
"804.61,0.35,video1946"
"806.36,0.35,video1947"
"807.25,0.23,video1948"
"807.49,0.32,video1949"
"808.71,0.43,video1950"
"809.15,0.0700000000001,video1951"
"809.23,0.48,video1952"
"809.9,0.23,video1953"
"810.14,0.32,video1954"
"810.47,0.29,video1955"
"810.77,0.31,video1956"
"811.09,0.24,video1957"
"811.34,0.4,video1958"
"812.58,0.35,video1959"
"813.32,0.42,video1960"
"813.75,0.11,video1961"
"813.87,0.39,video1962"
"814.35,0.16,video1963"
"814.52,0.09,video1964"
"814.62,0.45,video1965"
"815.08,0.2,video1966"
"815.29,0.26,video1967"
"815.56,0.25,video1968"
"815.82,0.22,video1969"
"816.05,0.4,video1970"
"817.33,0.18,video1971"
"817.52,0.11,video1972"
"818.42,1.74,video1973"
