WORDS,START,END,CONFIDENCE
ah,1.1,1.75,0.734889
well,1.76,2.71,0.819859
ai(2),4.68,5.79,1
asked,9.75,11.21,1
extraordinary(2),12.9,13.72,0.998401
claims,13.73,14.42,0.961843
require,14.5,15.15,0.998501
extraordinary(2),15.16,16.05,0.998401
evidence,16.06,16.67,0.129194
and(2),17.36,17.6,0.624968
and,17.61,17.82,0.110013
my,17.83,18.12,0.53608
job,18.16,18.85,0.901575
my,18.86,18.99,0.972191
responsibility,19,20.22,0.98995
as,20.47,20.65,0.819941
an(2),20.66,20.74,0.159165
astronomer,20.75,21.55,0.998701
to(2),22.03,22.14,0.561431
remind,22.15,22.65,0.9989
people,22.66,23.13,0.9989
that,23.6,23.87,0.944871
alien,23.88,24.37,0.925234
hypotheses,24.38,25.34,0.507541
should,25.6,25.91,0.994614
always(2),25.92,26.39,0.743316
be,26.4,26.94,0.996406
a,27.13,27.2,0.534313
last,27.21,27.67,0.561824
resort(2),27.68,28.28,0.7969
not,29.51,29.85,0.307883
until,29.86,30.08,0.054479
you,30.09,30.27,0.996705
start,30.28,30.65,0.998002
out,30.66,30.83,0.227462
that,30.84,31.1,0.917035
it,31.57,31.64,0.248637
involves,31.65,32.31,0.253813
they,33.34,33.49,0.64665
have,33.5,33.67,0.675673
for(2),33.68,33.79,0.161264
nasa,33.8,34.26,0.868475
mission,34.27,34.8,0.944021
ordinary,35.23,35.72,0.998201
people,35.73,36.15,0.9992
when(2),36.58,37.05,0.367616
as(2),37.06,37.31,0.17282
the,37.32,37.38,0.139021
extraordinary(2),37.39,38.25,0.9999
starts,38.26,39.06,0.858114
in,39.2,39.32,0.503345
our(3),39.33,39.42,0.67662
galaxy,39.43,39.95,0.9999
it,41.88,41.96,0.02723
began(2),41.97,42.26,0.034082
in,42.27,42.37,0.343103
two,42.38,42.54,0.310946
thousand(2),42.55,42.92,0.581315
nine,42.93,43.27,0.99094
with(2),43.46,43.59,0.241167
the,43.6,43.66,0.092036
lives(2),43.67,44.07,0.039916
of,44.08,44.16,0.823887
nasa's,44.17,44.61,0.711956
kepler,44.62,44.96,1.0001
mission,44.97,45.28,1
cat,45.97,46.18,0.015708
is,46.19,46.35,0.203643
named,46.36,46.72,0.004265
scientific,46.73,47.22,0.717245
objective,47.23,48.04,0.063614
was(2),48.05,48.19,0.190979
to(2),48.2,48.27,0.432792
find,48.28,48.53,0.389805
planets,48.54,49.09,0.554068
outside,49.1,49.46,0.9991
our,49.47,49.66,0.717603
solar,49.67,49.94,0.973261
system,49.95,50.31,0.999
it,50.98,51.13,0.311195
did,51.14,51.32,0.306837
this,51.33,51.56,0.423247
by,51.6,51.71,0.109716
staring,51.72,52.15,0.957428
at,52.16,52.23,0.935562
a,52.24,52.29,0.713595
single,52.3,52.84,0.996705
field,52.85,53.41,0.724092
in,53.42,53.58,0.813895
the,53.59,53.64,0.703603
sky,53.65,53.96,0.324091
this,54.65,54.87,0.346483
home,54.88,55.04,0.042347
with(2),55.05,55.19,0.070326
all,55.2,55.35,0.04325
the,55.36,55.45,0.350982
time,55.46,55.72,0.34379
not,55.73,55.94,0.009041
since,55.95,56.34,0.008252
and(2),57.56,57.7,0.85503
in,57.71,57.79,0.232406
this,57.8,57.96,0.747191
one(2),57.97,58.36,0.997403
feels,58.37,58.84,0.525463
a(2),58.99,59.12,0.417529
monitor,59.13,59.6,0.853066
the,59.61,59.72,0.923847
brightest,59.73,60.38,0.115747
of,60.39,60.48,0.945155
over,60.49,60.72,0.204787
a,60.73,60.75,0.73115
hundred(4),60.76,61.23,0.726849
and,61.24,61.39,0.945911
fifty,61.43,61.81,0.9996
thousand(2),61.82,62.46,0.712027
stars,62.47,63.08,0.953414
continuously,63.43,64.36,0.9998
for(2),64.37,64.54,0.636321
four,64.55,64.88,0.869257
years(2),64.89,65.45,0.604135
taking,65.82,66.14,0.906639
a(2),66.15,66.21,0.317578
data,66.22,66.46,0.336847
point,66.47,66.89,0.743613
every(2),67.06,67.29,0.9999
thirty,67.3,67.69,0.721561
minutes,67.7,68.19,0.9999
it,70.49,70.61,0.961554
was(2),70.62,70.78,0.998102
looking,70.79,71.05,0.94157
for(2),71.06,71.19,0.509983
when,71.2,71.33,0.211046
astronomers,71.34,71.92,0.9996
college,71.93,72.28,0.879137
friend,72.29,72.58,0.272082
that(2),72.59,72.89,0.334397
this,73.52,73.78,0.993818
is,73.79,73.96,0.996207
where,73.97,74.2,0.411024
the,74.21,74.41,0.987181
planet's,74.42,74.9,0.386776
orbit,74.91,75.42,0.978336
is,75.78,75.93,0.84932
aligned,75.94,76.71,0.316088
in,76.82,76.94,0.822898
our(3),76.95,77.18,0.972677
line,77.19,77.46,0.567414
of,77.47,77.53,0.356857
sight,77.54,78.05,0.340335
is,78.55,78.69,0.132029
that,78.7,79.35,0.899324
the,79.36,79.42,0.660639
planet,79.43,80.01,0.513566
crosses,80.02,80.74,0.935281
in,80.75,80.91,0.261491
front,80.92,81.11,0.210098
of,81.12,81.19,0.192995
a(2),81.2,81.24,0.020714
star,81.25,81.65,0.079843
and(2),82.7,82.92,0.852981
when(3),82.93,83.12,0.080791
this,83.13,83.35,0.253027
happens,83.36,83.98,0.962998
it,84.14,84.29,0.126788
blocks,84.3,84.66,0.004894
out,84.67,84.97,0.931827
a(2),84.98,85.07,0.336208
tiny,85.08,85.65,0.506273
bit,85.66,85.86,0.255724
of,85.87,85.94,0.095525
starlight,85.95,86.49,0.044106
which,87.13,87.32,0.142185
easy,87.33,88.16,0.023491
as,88.2,88.37,0.424561
it,88.38,88.46,0.116129
did,88.47,88.92,0.086771
in,89.08,89.19,0.194331
those,89.2,89.35,0.005666
curves,89.36,89.76,0.004976
the(2),91.66,91.79,0.190274
city,91.8,92.31,0.279585
and(2),92.32,92.46,0.154152
nasa,92.47,92.96,0.915935
had,93.27,93.43,0.513514
developed,93.44,93.85,0.96454
a,93.86,93.91,0.309829
very,93.98,94.37,0.993918
sophisticated(2),94.38,95.1,0.545218
computer,95.11,95.59,0.830671
is,95.6,95.84,0.767643
to,96.11,96.29,0.711956
search,96.3,96.75,0.484478
for(2),96.76,96.9,0.531861
transit,96.91,97.44,0.544836
and,97.45,97.58,0.321123
all,97.59,97.86,0.981766
the(2),97.87,97.93,0.535009
cat,97.94,98.17,0.300731
lady,98.18,98.47,0.428314
that,98.48,98.66,0.386466
the,100.24,100.38,0.733421
same,100.39,100.69,0.990841
time,100.7,101.27,0.9993
of,101.98,102.11,0.923385
the,102.12,102.18,0.89654
first,102.19,102.55,0.9998
day,102.56,102.73,0.570259
of,102.74,102.86,0.015567
release,102.87,103.49,0.852554
astronomers,104.1,104.74,0.993421
a(2),104.75,104.81,0.487101
yellow,104.82,105.29,0.980491
light,105.3,105.46,0.191515
very,105.47,105.94,0.282085
interesting(4),105.95,106.65,0.342349
stay,106.69,107.06,0.019089
what,108.3,108.71,0.539954
if,108.82,109.27,0.883809
computers,109.61,110.35,0.971996
know,110.58,110.74,0.372092
something,110.75,111.3,0.96454
and(2),113.1,113.23,0.83902
so,113.24,113.41,0.774816
in,113.42,113.52,0.064925
march,113.53,113.99,0.064718
this,114,114.23,0.290009
isn't(2),114.24,114.56,0.110631
science,114.57,115,0.558016
project,115.01,115.45,0.985504
called,115.46,115.73,0.990247
planet,115.74,116.17,0.111788
hunters,116.18,116.75,0.907637
that,117.81,118.24,0.73115
people,118.25,118.81,0.994216
look,118.96,119.18,0.157644
at,119.47,119.6,0.94157
the(2),119.61,119.67,0.562724
same,119.68,120.34,0.9994
day,120.35,120.55,0.167863
that,120.56,120.82,0.083118
the(2),121.66,121.74,0.683216
human,121.75,122.08,0.78637
brain,122.09,122.43,0.998102
has,122.44,122.57,0.136787
an(2),122.58,122.65,0.400354
amazing,122.66,123.22,1
ability,123.23,123.68,0.9999
to(2),123.69,123.79,0.497937
a,123.8,123.83,0.276278
pattern,123.84,124.16,0.536402
recognition,124.17,124.78,0.9999
sometimes,125.37,125.88,0.746071
even,125.89,126.11,0.370977
better,126.12,126.36,0.991337
than,126.37,126.48,0.963094
a(2),126.49,126.52,0.861037
computer,126.53,127.02,0.998501
however,127.54,127.92,0.9991
there,127.93,128.07,0.997802
is,128.08,128.17,0.999
a,128.18,128.21,0.447538
lot,128.22,128.39,0.764196
of,128.4,128.45,0.989158
skepticism,128.46,129.08,0.9992
around(2),129.09,129.34,0.663884
this,129.35,129.73,0.400154
my,130.14,130.25,0.383924
colleague,130.26,130.75,0.225356
debra,130.76,131.03,0.046086
fisher,131.04,131.46,0.867781
founder,131.47,131.89,0.127436
of,131.9,132.02,0.085266
the,132.03,132.44,0.996306
earth,132.45,132.59,0.871433
project,132.6,133.19,0.641368
the,133.77,133.95,0.295425
people,133.96,134.27,0.321605
in,134.28,134.35,0.156044
time,134.36,134.66,0.973066
i'd,134.67,134.73,0.287209
say,134.74,135.07,0.769411
you're,135.08,135.18,0.818302
crazy,135.19,136.04,0.9999
there's,136.16,136.42,0.924401
no,136.43,136.65,0.9998
way,136.66,137.12,0.999
that,137.13,137.3,0.684379
computer,137.31,137.78,0.769334
will(2),137.79,137.91,0.420925
miss,137.92,138.12,0.162348
the,138.13,138.18,0.072635
signal,138.19,138.55,0.018578
and(2),139.64,139.77,0.63264
salazar,139.78,140.47,0.700864
the,140.74,140.81,0.094423
classic,140.82,141.29,0.175731
human(2),141.3,141.68,0.263539
versus(2),141.69,142.16,0.565997
machine,142.17,142.97,0.500334
damn,142.98,143.27,0.038209
know,143.28,143.48,0.036219
if,143.92,144.08,0.256056
we,144.09,144.18,0.263328
found,144.19,144.51,0.730785
one,144.52,144.75,0.499284
planet,144.76,145.25,0.082234
will,145.49,145.68,0.223806
be,145.69,145.82,0.651975
thrilled,145.83,146.46,0.069843
when,146.96,147.09,0.43907
i,147.1,147.23,0.948469
joined,147.24,147.49,0.012247
a(2),147.5,147.54,0.083235
team,147.55,147.82,0.692988
four,147.83,147.99,0.321348
years,148,148.26,0.614002
now,148.27,148.74,0.815688
we,149.51,149.74,0.99551
are,149.75,149.87,0.986293
to(2),149.88,149.95,0.004671
found,149.96,150.2,0.803221
a(2),150.21,150.24,0.361925
couple,150.25,150.6,0.924309
and(2),152.44,152.64,0.998801
today,152.65,153.28,0.282593
what(2),153.32,153.53,0.016563
the,153.54,153.6,0.515779
hell,153.61,153.97,0.537583
of,153.98,154.08,0.760688
a,154.09,154.18,0.409588
risk,154.19,154.38,0.247843
three,154.39,154.6,0.838517
hundred(3),154.61,155.03,0.539846
thousand(2),155.04,155.56,0.806441
science,155.57,156.04,0.435528
and,156.05,156.23,0.201899
easiest,156.24,156.77,0.961843
we've,157.09,157.29,0.322313
found,157.3,157.68,1
dozens,157.79,158.52,0.725977
who,158.9,159,0.267602
is,159.01,159.11,0.907274
also,159.12,159.58,1.0002
found,159.59,160.01,0.991833
one,160.31,160.62,0.426135
is,160.63,161,0.346275
theory,161.01,161.32,0.192725
is,161.33,161.47,0.281578
starts,161.48,162.06,0.439378
in,162.2,162.31,0.342555
our(3),162.32,162.41,0.583062
galaxy,162.42,162.87,0.554456
set,165.12,165.3,0.08871
to(2),165.31,165.38,0.52368
understand,165.39,165.93,0.83542
this,165.94,166.3,0.465432
one,166.58,166.73,0.059266
is,166.74,166.82,0.291638
saying,166.83,167.19,0.083552
what,167.2,167.33,0.185019
a(2),167.34,167.37,0.548225
normal,167.38,167.82,0.818302
transit,167.83,168.44,0.025882
a(2),168.45,168.54,0.156685
template(2),168.55,168.89,0.006222
it,168.9,169.1,0.584229
looks,169.11,169.3,0.683011
like,169.31,169.58,0.784485
on,170.74,170.88,0.108549
this,170.89,171.11,0.628918
graph,171.12,171.64,0.162739
on,171.7,171.82,0.517174
the,171.83,171.88,0.942229
left,171.89,172.17,0.177196
hand,172.18,172.38,0.18027
side,172.39,172.73,0.9994
you,172.74,172.82,0.14011
have,172.83,172.98,0.528045
the(2),172.99,173.22,0.575185
lights,173.44,173.82,0.282113
and(2),174.11,174.23,0.415073
on,174.24,174.33,0.52232
the,174.34,174.4,0.515624
bottom,174.41,174.75,0.46889
this,174.76,174.93,0.290241
time,174.94,175.34,0.980392
the,175.9,175.98,0.730492
white,175.99,176.44,0.679536
line,176.45,176.99,0.428357
is,177.15,177.34,0.892692
like,177.35,177.66,0.9858
just,177.67,178.03,0.991833
from,178.04,178.2,0.713096
the,178.21,178.28,0.797059
start,178.29,178.8,0.684789
when,178.97,179.1,0.452037
astronomers,179.11,179.62,0.925974
carl,179.63,179.97,0.557124
like,180.03,180.34,0.939031
her,180.35,180.57,0.63785
now,181.37,181.54,0.341528
and,181.55,181.78,0.279334
i,181.79,182.07,0.488272
traded,182.08,182.54,0.079477
to(3),182.55,182.64,0.151872
start,182.65,183.1,0.817812
montana,183.11,183.73,0.638999
let,183.74,183.95,0.003102
'em,183.96,184.08,0.002504
in,184.09,184.17,0.042623
this,184.18,184.4,0.060584
light,184.41,184.83,0.649177
and(2),185.25,185.69,0.975307
that,185.7,186.11,0.809511
and,186.15,186.28,0.104219
this,186.29,186.49,0.670825
trend,186.5,186.79,0.14634
that(2),186.8,187.08,0.157376
reflects,187.36,187.77,0.709042
the(2),187.78,187.88,0.948564
size,187.89,188.56,0.673851
of,188.57,188.71,0.979315
the(2),188.72,188.86,0.999
object,188.87,189.22,0.816586
itself,189.23,189.75,0.9993
be,190.21,190.64,0.11246
and(2),190.77,190.91,0.044062
so,190.92,191.23,0.139662
for(2),191.27,191.4,0.602023
example,191.41,191.89,0.9997
if,191.9,192.1,0.491014
a(2),192.11,192.24,0.465991
jupiter,192.25,192.69,0.029425
so,193.37,193.45,0.012181
you,193.46,193.64,0.021896
thought,193.65,193.95,0.107458
it,193.96,194.09,0.496694
might,194.1,194.34,0.688085
take,194.42,194.54,0.078954
your(2),194.55,194.69,0.075163
kids,194.7,194.91,0.041967
either,194.92,195.27,0.17308
to,195.55,195.8,0.063652
now,195.81,195.93,0.002053
will(2),195.94,196.05,0.043159
make,196.06,196.33,0.980196
a(2),196.34,196.45,0.40216
one(2),196.46,196.77,0.952938
percent,196.78,197.18,0.941946
drop,197.19,197.51,0.784877
in,197.68,197.77,0.818221
the,197.78,197.84,0.604195
stars,197.85,198.22,0.476834
brightness,198.23,198.81,0.042781
earth,199.31,199.59,0.465665
on,199.6,199.73,0.342555
the(2),199.74,199.86,0.9991
other,199.87,200.04,0.9992
hand,200.05,200.5,0.878785
is,201.02,201.16,0.856657
eleven,201.17,201.57,0.323023
times,201.58,201.88,0.994216
smaller,201.89,202.61,0.9991
than(2),202.62,202.79,0.59651
jupiter,202.8,203.26,0.711244
and(2),203.53,203.83,0.744953
say,203.84,204.1,0.29123
now,204.11,204.3,0.219967
is,204.31,204.47,0.669954
barely,204.48,204.96,0.9997
visible,204.97,205.31,0.9997
on,205.32,205.39,0.57243
the,205.4,205.48,0.070383
day,205.49,205.7,0.071019
so,206.42,206.54,0.817893
that's,206.55,206.84,0.136105
our(3),206.85,207,0.065644
mystery,207.01,207.43,0.310729
a,208.57,208.61,0.937435
few,208.62,208.84,0.990247
years(2),208.85,209.17,0.996805
ago,209.18,209.6,0.998501
to(3),209.85,209.94,0.004612
anaheim,209.95,210.25,0.000346
is,210.26,210.39,0.237695
is,210.4,210.57,0.213167
that,210.58,210.68,0.069065
he,210.69,210.85,0.08781
did,210.86,211.07,0.039255
am(2),211.08,211.33,0.190807
looking,211.34,211.58,0.485351
for(2),211.59,211.72,0.683284
trend,211.73,212.01,0.103927
that's,212.02,212.37,0.049541
and(2),213.27,213.43,0.669619
it's,213.44,213.58,0.222334
not,213.59,213.8,0.193169
in,213.81,213.92,0.193672
the(2),213.93,213.99,0.300942
mysterious,214,214.76,0.97151
signal,214.77,215.18,0.038443
coming,215.19,215.46,0.983929
from,215.47,215.63,0.995908
the,215.64,215.71,0.993719
start,215.72,216.25,0.833834
a(2),216.26,216.41,0.601783
icy,216.42,217.13,0.291638
a(2),217.14,217.31,0.486468
poured,217.32,217.52,0.002655
snakes,217.53,218.07,0.020849
to,218.13,218.32,0.578415
eighty,218.33,218.56,0.221712
five,218.57,218.81,0.759016
to,218.82,219.05,0.380217
the(2),219.95,220.13,0.355042
awesome,220.14,220.44,0.533459
race,220.45,220.69,0.834168
and,220.7,220.88,0.393723
in,220.89,221.09,0.133569
may,221.1,221.43,0.143988
of,221.44,221.51,0.159867
two,221.52,221.71,0.172389
thousand(2),221.72,222.06,0.704378
and,222.07,222.16,0.051096
nine,222.17,222.54,0.941475
the,222.92,223.08,0.281212
first,223.09,223.37,0.960113
faced,223.38,223.64,0.001799
by,223.65,223.96,0.075366
mr,224.06,224.42,0.816341
nice(2),224.43,224.62,0.666146
talking,224.63,225.07,0.996107
about,225.08,225.33,0.998501
this,225.34,225.52,0.584872
and,225.53,225.69,0.124128
especially,225.7,226.1,0.266988
for,226.14,226.44,0.882837
us,226.48,226.68,0.507744
he,227.39,227.51,0.650347
said,227.52,227.91,0.747715
and(2),227.92,228.11,0.624843
i,228.12,228.31,0.718034
didn't(4),228.32,228.61,0.288967
like,228.62,228.76,0.602505
jupiter,228.81,229.36,0.14882
would,229.49,229.61,0.266268
make,229.62,229.79,0.628541
it,229.8,229.87,0.116467
a,229.88,229.9,0.014888
shot,229.91,230.22,0.106975
like,230.23,230.5,0.919422
this,230.51,230.85,0.986096
in,230.9,231,0.818139
the,231.01,231.07,0.840028
star's,231.08,231.5,0.101951
light,231.51,231.89,0.827437
but,232.4,232.72,0.669083
they're,232.97,233.16,0.598901
also,233.17,233.41,0.979217
saying,233.42,234.03,0.164984
it,234.09,234.19,0.991436
was(2),234.2,234.48,0.986392
giants,234.49,235.16,0.054202
easy,235.76,236.3,0.559357
trend,236.34,236.63,0.00421
is,236.64,236.83,0.926067
normally(2),236.84,237.21,0.97599
only,237.22,237.44,1.0002
last,237.45,237.87,0.60844
for(2),237.88,238.05,0.545927
few,238.06,238.29,0.980589
hours,238.3,238.82,0.997004
and(2),239,239.16,0.609414
this,239.17,239.34,0.746594
one,239.35,239.52,0.432273
lasted(2),239.53,239.98,0.62266
for(2),239.99,240.11,0.552132
almost,240.12,240.39,0.928478
a,240.4,240.43,0.890641
week,240.44,240.94,0.973261
there,241.94,242.07,0.613634
are,242.08,242.16,0.253229
also,242.17,242.53,0.991138
say,242.54,243.21,0.88487
that,243.26,243.41,0.892068
i'm(2),243.42,243.54,0.106367
a,243.55,243.64,0.040714
space,243.65,244.14,0.08774
magic,244.2,244.78,0.715525
me,245.54,245.8,0.490474
that,245.81,246.12,0.888062
instead,246.13,246.51,0.187816
of,246.52,246.58,0.466271
the,246.59,246.82,0.569974
reuse(2),246.88,247.71,0.014437
a(2),247.72,247.87,0.630808
tip,247.88,248.21,0.003127
that,248.22,248.32,0.092785
we,248.33,248.44,0.153798
sell,248.45,248.71,0.139606
it,248.72,248.8,0.469828
to,248.81,248.97,0.726049
dinner,248.98,249.29,0.12058
and(2),249.78,250.01,0.446331
the,250.02,250.08,0.573003
strains,250.09,250.89,0.564584
of,250.94,251.19,0.729324
agency,251.2,251.69,0.018683
on,251.7,251.79,0.830754
the,251.8,251.87,0.97814
left,251.88,252.09,0.005547
side,252.1,252.42,0.006514
they,253.26,253.46,0.639255
seem,253.47,253.76,0.777377
to(2),253.77,253.83,0.563118
indicate,253.84,254.57,0.98324
that,254.58,254.8,0.881426
whatever,254.81,255.3,0.657081
is,255.31,255.45,0.788102
getting(2),255.46,255.72,0.464084
in,255.73,255.8,0.537906
that(2),255.81,255.96,0.090611
way,255.97,256.39,0.945344
and(2),256.4,256.52,0.191227
blocking,256.53,257.03,0.210287
the,257.04,257.09,0.993719
starlight,257.1,257.8,0.976967
was(2),258.02,258.17,0.86423
not,258.18,258.36,0.9999
secular,258.37,258.99,0.682875
like,259.05,259.21,0.735624
a,259.22,259.26,0.33742
planet,259.27,259.77,0.474409
there,261.32,261.43,0.537691
are(2),261.44,261.47,0.37617
few,261.48,261.77,0.037573
and,261.78,262.12,0.988367
that,262.13,262.26,0.626094
happened,262.27,262.78,0.581373
but,263.06,263.19,0.7735
for(2),263.2,263.37,0.500934
a(2),263.38,263.4,0.143084
couple,263.41,263.69,0.996705
years(2),263.7,264.31,0.995211
it,264.32,264.41,0.193401
was(2),264.42,264.57,0.813895
pretty,264.58,264.81,0.9989
quiet,264.82,265.4,0.9999
and(2),266.36,266.51,0.886287
then,266.52,266.85,0.971122
in,267.24,267.46,0.405715
march,267.47,267.87,0.777766
of,267.92,268.03,0.184483
two,268.04,268.2,0.176983
thousand(2),268.21,268.58,0.80749
eleven,268.59,269.06,0.796501
we,269.68,269.81,0.9991
see,269.82,270.04,0.994713
that's,270.05,270.49,0.437099
the,271.18,271.26,0.762287
star's,271.27,271.79,0.084552
light,271.8,272.11,0.54044
drops,272.12,272.64,0.543693
by,272.65,272.77,0.56115
a(2),272.78,272.84,0.217343
whole,272.85,273.13,0.910637
fifteen,273.14,274.16,0.998401
percent,274.17,274.92,0.956853
this,275.28,275.49,0.339451
is,275.5,275.61,0.749287
huge,275.62,276.26,0.736803
event,276.43,276.74,0.524413
and,276.75,277.01,0.27372
they,277.02,277.35,0.952557
would,277.51,277.76,0.319617
only,277.77,277.97,0.08038
make,277.98,278.15,0.08691
one(2),278.16,278.52,0.094725
percent,278.53,278.89,0.097835
drop,278.9,279.31,0.082382
we,280.53,280.64,0.356822
describe,280.65,281.16,0.334263
this,281.17,281.37,0.298215
feature,281.38,281.78,0.085933
and(2),281.79,282,0.572087
as,282.01,282.13,0.262303
smooth,282.14,282.67,0.725541
and(2),282.68,282.9,0.994614
clean,282.91,283.41,0.529526
it,284.09,284.31,0.520807
also,284.32,284.8,0.987576
is,284.81,284.94,0.697996
a(2),284.95,285.07,0.85068
semantic,285.08,285.75,0.549707
having,286.16,286.42,0.994017
a(2),286.43,286.52,0.687672
gradual,286.53,287.14,0.480713
they,287.15,287.3,0.052175
made,287.31,287.5,0.022363
them,287.51,287.63,0.065179
laugh,287.64,287.89,0.005842
some,287.9,288.06,0.012034
of,288.07,288.16,0.031414
the,288.17,288.27,0.019932
week,288.28,288.67,0.058144
and(2),288.68,288.97,0.718824
it's,288.98,289.18,0.518832
that's,289.19,289.48,0.248115
right,289.49,289.69,0.301002
i,289.7,289.8,0.416278
have,289.81,289.98,0.385694
to(3),289.99,290.12,0.639255
normal,290.13,290.42,0.103492
and,290.43,290.51,0.039872
just(2),290.52,290.7,0.102523
a,290.71,290.74,0.983338
matter,290.75,291.04,0.9997
of,291.05,291.11,0.431194
days,291.12,291.58,0.972482
and(2),292.97,293.09,0.398477
again,293.1,293.51,0.497689
after,294.14,294.47,0.960881
this,294.48,294.87,0.968794
not,295.38,295.59,0.757424
much,295.6,295.76,0.601482
happens,295.77,296.4,0.99531
and(2),297.24,297.41,0.656949
sound,297.42,297.8,0.028541
february(2),298.7,299.33,0.476644
has(2),299.34,299.49,0.142327
twenty(2),299.5,299.84,0.9999
thirty(2),299.85,300.38,0.994713
things,300.97,301.45,0.336477
started,301.46,301.97,0.18959
getting,301.98,302.36,0.407953
really,302.37,302.64,0.669619
crazy,302.65,303.2,0.998102
there,303.57,303.76,0.665147
is,303.77,303.88,0.662425
a(2),303.89,304.04,0.982257
huge,304.05,304.54,0.9995
complex,304.55,305.6,0.9995
of,305.83,306.03,0.187028
decks,306.04,306.43,0.023947
and(2),306.44,306.64,0.430892
the,306.65,306.72,0.25174
like,306.73,307,0.605042
curved,307.01,307.28,0.001783
net,307.29,307.54,0.002893
here,307.55,307.87,0.344789
they,308.03,308.25,0.077097
last,308.26,308.6,0.475358
for(3),308.61,308.75,0.51547
like,308.76,308.93,0.9999
a,308.94,309,0.770797
hundred(2),309.01,309.53,0.742796
days,309.54,309.98,0.9998
all,310.17,310.32,0.103471
the,310.33,310.4,0.491653
way,310.41,310.61,0.527939
out,310.62,310.89,0.874576
into(2),310.9,311.11,0.722789
the(2),311.12,311.2,0.689807
kepler,311.21,311.54,0.997204
mission,311.55,311.82,0.998701
that's,311.83,312.25,0.239197
he,313.37,313.53,0.196638
he,313.54,313.65,0.106847
doesn't(2),313.66,313.98,0.459145
have,313.99,314.15,0.768257
very,314.16,314.45,0.939876
most(2),314.46,314.69,0.244103
say,314.7,314.94,0.269563
it's,314.95,315.3,0.3315
summer,315.31,315.53,0.433746
very,315.54,315.81,0.285634
start,315.82,316.35,0.669954
in,316.36,316.47,0.367506
summer,316.48,316.78,0.387279
bride,316.79,317.31,0.029074
and(2),317.55,317.67,0.755155
they,317.68,317.81,0.95829
also,317.82,318.05,0.965988
have,318.06,318.31,0.852469
variable,318.32,318.83,0.998501
durations,318.84,319.67,0.851532
sunglasses,319.83,320.71,0.949228
for(3),320.72,320.91,0.532287
dear,320.92,321.26,0.489886
to(3),321.27,321.41,0.053775
you,321.42,321.55,0.035779
in,321.56,321.68,0.084013
some,321.69,321.88,0.249534
for(2),321.89,322.01,0.525201
more,322.02,322.2,0.9997
than(2),322.21,322.35,0.523052
a,322.36,322.39,0.905189
week,322.4,322.84,0.903832
and(2),324.15,324.27,0.848386
there's,324.28,324.46,0.936498
also,324.47,325.02,0.9996
been,325.2,325.35,0.366918
down,325.36,325.7,0.51614
transit,325.71,326.24,0.042275
and(2),326.25,326.51,0.937435
some,326.52,326.66,0.545709
of,326.67,326.74,0.567528
these,326.75,326.98,0.487637
deaths,326.99,327.35,0.078709
are,327.55,327.66,0.383195
most(2),327.67,327.88,0.343309
likely,327.89,328.24,0.426818
several,328.81,329.17,0.54702
independent,329.18,329.79,0.9992
events,329.8,330.18,0.91621
were,330.19,330.29,0.572487
superimposed,330.3,331.13,0.748912
on,331.14,331.24,0.9997
top,331.25,331.48,0.9997
of,331.49,331.59,0.865527
each,331.6,331.76,0.368426
other,331.77,332.02,0.943266
and(2),332.98,333.12,0.847708
it,333.13,333.36,0.245204
is,333.37,333.59,0.251237
time,333.6,334.12,0.9998
the,334.67,334.76,0.840112
star,334.77,335.11,0.621851
drops,335.12,335.61,0.473555
in,335.62,335.77,0.83092
its,335.78,335.94,0.482785
brightness,335.95,336.59,0.952461
over,337.08,337.38,0.9989
twenty,337.39,338.01,0.9989
percent,338.02,338.68,0.979902
this,339.13,339.33,0.142655
means,339.34,339.63,0.059813
that(2),339.64,339.74,0.30546
whenever,339.75,340.1,0.605102
is,340.11,340.23,0.440214
blocking,340.24,340.63,0.303359
its,340.64,340.8,0.074236
life,340.81,341.11,0.069801
has,341.32,341.51,0.677026
an(2),341.52,341.6,0.163244
area,341.61,342.06,0.9996
of,342.07,342.19,0.997204
over,342.2,342.44,0.986589
a,342.45,342.47,0.666345
thousand(2),342.48,343.2,0.651909
times,343.21,343.87,0.9997
the(2),343.94,344.07,0.971025
area,344.08,344.45,0.999
of,344.46,344.59,0.981472
our(3),344.6,344.74,0.998801
planet,344.75,345.14,0.991238
earth,345.15,345.51,0.982159
this,346.26,346.65,0.954464
is,346.84,347.02,0.9998
truly,347.03,347.79,0.174121
remarkable,347.83,348.44,1.0001
and(2),349.45,349.74,0.947995
a,349.75,349.78,0.395301
citizen(2),349.79,350.19,0.595615
scientists(4),350.2,350.7,0.496595
and,350.71,350.82,0.331367
they,350.83,350.94,0.801776
saw,350.95,351.16,0.820351
this,351.17,351.53,0.913008
in,351.79,351.96,0.136773
anti(2),351.97,352.27,0.010899
anxiety,352.28,353.05,0.011071
that,353.06,353.43,0.786999
he,353.58,353.68,0.546364
found,353.69,354.03,0.994117
something,354.04,354.48,0.9999
weird,354.49,354.84,0.136828
enough,354.85,355.28,0.137184
that,355.52,355.93,0.867
in,356.36,356.43,0.427758
my,356.44,356.59,0.208841
view,356.6,356.76,0.028189
were,356.77,356.92,0.496992
falling,356.93,357.46,0.877292
out,357.47,357.62,0.86233
and(2),358.73,358.88,0.755533
so,358.89,359,0.374069
on,359.01,359.07,0.055082
the,359.08,359.13,0.160492
site,359.14,359.57,0.17201
in,359.58,359.72,0.243567
what,359.73,359.89,0.025237
that,359.9,360.26,0.745326
were,360.27,360.38,0.690498
like,360.39,360.77,0.953891
yeah,360.78,361.05,0.778934
there's,361.06,361.34,0.382468
this,361.35,361.55,0.088268
coming,361.56,361.85,0.256031
to(2),361.86,361.94,0.559469
something,361.95,362.41,0.896809
wrong,362.42,362.65,0.998201
with(2),362.66,362.77,0.667346
the(2),362.78,362.87,0.445306
data,362.88,363.13,0.064634
but,364,364.14,0.213508
we're,364.15,364.27,0.24757
not,364.28,364.72,0.536187
really,364.87,365.11,0.571286
really,365.12,365.43,0.699534
really,365.44,365.65,0.568778
hard,365.66,366.1,0.994316
and(2),366.76,367.34,0.996605
today,368.05,368.4,0.266028
we're(3),368.41,368.56,0.263803
good,368.57,368.96,0.100765
in,370.77,370.88,0.181174
solo,370.89,371.26,0.202364
is,371.27,371.36,0.791499
happening,371.37,371.85,0.998201
had,371.86,372.24,0.638361
to(2),372.25,372.32,0.805151
be,372.33,372.47,0.287152
answered,372.48,372.79,0.020078
physical,372.8,373.25,0.31448
meaning,373.81,374.09,0.108864
that(2),374.1,374.23,0.451991
some,374.24,374.53,0.252749
day,374.54,375.02,0.019556
in,375.03,375.19,0.694376
space,375.2,375.83,0.955801
with,376.07,376.33,0.726994
getting(2),376.34,376.74,0.176365
in,376.75,376.87,0.868041
the,376.88,376.97,0.803944
way,376.98,377.5,0.905189
and(2),377.51,377.63,0.282961
blocking,377.64,378.06,0.67662
starlight,378.07,378.75,0.956184
as,380.24,380.45,0.347593
of,380.46,380.57,0.022092
this,380.58,380.76,0.478172
point,380.77,381.06,0.29307
we,381.07,381.16,0.314952
set,381.17,381.41,0.575991
out,381.42,381.61,0.950463
to(3),381.62,381.69,0.575818
learn,381.7,381.89,0.968309
everything,381.9,382.65,0.998601
we,382.69,382.81,0.940534
kind,382.82,383.16,0.529791
about,383.17,383.39,0.006109
the,383.4,383.45,0.363122
star,383.46,383.77,0.011417
receiver(3),383.78,384.16,0.005198
to(3),384.17,384.27,0.032624
find,384.28,384.5,0.956184
any,384.51,384.67,0.925511
clues,384.68,385.35,1
what(2),385.8,385.99,0.334296
was(2),386,386.15,0.368021
going,386.16,386.45,0.649502
on,386.46,386.74,0.859919
and(2),387.8,387.91,0.638361
this,387.92,388.07,0.250684
is,388.08,388.31,0.784171
the,388.32,388.39,0.47294
scientists(4),388.4,389.03,0.355824
who,389.04,389.17,0.806602
helped,389.18,389.41,0.30007
us,389.42,389.57,0.19977
in,389.58,389.63,0.04471
this,389.64,389.8,0.341187
discovery,389.81,390.44,0.486517
they,390.94,391.1,0.897706
join,391.11,391.35,0.400915
them(2),391.36,391.49,0.041666
on,391.5,391.68,0.098404
further,391.69,392.02,0.808702
i,392.03,392.22,0.794512
was,392.46,392.75,0.609902
in,392.76,392.88,0.223717
science,392.89,393.6,0.9997
in,393.81,393.96,0.43223
action,393.97,394.46,0.698485
first,394.66,394.96,0.524938
hand,394.97,395.32,0.437536
first,397.04,397.43,0.002363
of,397.44,397.52,0.001641
many,397.53,397.71,0.00279
say,397.72,398.19,0.112629
well,398.23,398.73,0.941005
you,398.87,398.95,0.993024
know,398.96,399.16,0.915935
what,399.42,399.79,0.509728
it,399.8,399.93,0.117555
is,399.98,400.09,0.21353
star,400.1,400.71,0.275037
was(2),400.72,400.96,0.349126
actually(2),400.97,401.27,0.16091
is,401.28,401.41,0.135493
very,401.52,402.02,0.994614
young,402.03,402.53,0.995609
and(2),402.6,402.72,0.992329
is,402.73,402.8,0.182721
still,402.81,403.01,0.127156
have,403.02,403.16,0.253179
the(2),403.17,403.24,0.677229
cloud,403.25,403.69,0.852213
of,403.7,403.75,0.550367
material,403.76,404.35,0.996406
is,404.36,404.65,0.987181
far,404.66,404.93,0.375231
from,404.94,405.17,0.958769
surrounding,405.18,405.69,0.965795
it,405.7,405.93,0.598901
and(2),407.09,407.41,0.98896
in,407.42,407.49,0.362179
the(2),407.5,407.65,0.270833
house,407.66,407.94,0.205095
and(2),407.95,408.16,0.349475
not,408.52,408.97,0.07508
want,408.98,409.25,0.014008
to(2),409.26,409.31,0.624468
start,409.32,409.78,0.986293
a,409.79,409.83,0.566847
party,409.84,410.14,0.86397
for,410.15,410.45,0.885933
planets,410.46,411.16,0.741089
into,411.3,411.72,0.835754
these,411.73,411.91,0.501436
planets,411.92,412.39,0.119643
had,412.4,412.59,0.602084
collided,412.6,413.25,0.913922
solicitors,413.53,414.4,0.7454
when(4),414.41,414.73,0.28079
forming,414.74,415.09,0.145552
events,415.1,415.53,0.135643
well,416.53,417.24,0.997204
to,417.25,417.39,0.123053
these,417.4,417.66,0.334899
theories,417.67,418.07,0.349126
to(2),418.08,418.2,0.583412
explain,418.21,418.63,0.997104
hard,418.64,418.97,0.691811
to(3),418.98,419.13,0.200571
date,419.14,419.38,0.011091
on,419.39,419.51,0.012344
the,420.06,420.23,0.511157
difficulty,420.24,420.75,0.212358
is,420.76,420.86,0.208758
worded,420.87,421.28,0.039992
the,421.29,421.34,0.267602
star,421.35,421.66,0.015869
said,421.67,421.89,0.012032
no,421.9,422.1,0.157235
sign,422.11,422.4,0.273282
that(2),422.41,422.52,0.028057
the(2),422.53,422.77,0.811376
young,422.78,423.09,0.230531
and(2),423.47,423.68,0.955323
it,423.69,423.76,0.453758
was(2),423.77,424.13,0.823228
not,424.26,424.69,0.234226
alone,424.7,425.32,0.831253
for(2),425.33,425.46,0.75644
many,425.47,425.77,0.584755
the,425.78,425.86,0.091403
material,425.87,426.45,0.992329
that,426.46,426.56,0.967245
was(2),426.57,426.72,0.988565
heated(2),426.73,427.04,0.075903
up,427.05,427.19,0.126181
by,427.2,427.31,0.858114
the,427.32,427.4,0.690359
star's,427.41,427.81,0.120435
light,427.82,428.18,0.435006
you'd,428.58,428.84,0.29965
expect,428.85,429.39,0.625781
this,429.4,429.75,0.78897
is,430.09,430.23,0.928942
this,430.24,430.46,0.430677
are,430.47,430.64,0.363594
easy,430.65,430.87,0.59986
on,430.88,431.15,0.529738
or,431.42,431.83,0.533192
if,432.19,432.34,0.851276
there,432.35,432.53,0.700724
is,432.54,432.63,0.694167
a,432.64,432.67,0.442465
place,432.68,433.06,0.746967
in,433.07,433.19,0.383655
you,433.2,433.28,0.003689
know,433.42,433.57,0.843564
why,433.58,433.72,0.504151
the(2),433.73,433.82,0.078851
classes,433.83,434.27,0.021536
for(2),434.28,434.42,0.17334
days,434.43,434.82,0.073859
and(2),435.87,436.01,0.454575
says,436.02,436.25,0.242546
i'm(2),436.26,436.34,0.146311
a(2),436.35,436.6,0.260135
fan,436.61,436.97,0.026304
so,437.44,437.76,0.159851
how,437.92,438.53,0.9999
bout,438.57,439.2,0.350035
a(2),439.9,440.06,0.920895
huge,440.07,440.63,0.9991
swarm,440.64,441.23,0.724019
of,441.24,441.3,0.701425
comments,441.31,442.02,0.70607
they're,442.49,442.64,0.330143
passing,442.65,443.18,0.915568
by,443.19,443.38,0.901395
the,443.39,443.48,0.477933
star,443.49,443.99,0.278776
in,444,444.16,0.374219
a,444.17,444.2,0.273228
very,444.21,444.61,0.330242
limited(2),444.62,444.91,0.158736
or,444.92,445.2,0.405066
bit,445.21,445.46,0.130584
wow,446.15,446.63,0.512847
and(2),446.91,447.06,0.858372
and,447.07,447.42,0.862071
it,447.43,447.75,0.859059
is,447.76,448.06,0.944399
that's,448.07,448.33,0.04078
inconsistent,448.34,449.15,0.07281
with(2),449.16,449.32,0.514491
our(3),449.33,449.57,0.498785
observations,449.58,450.39,0.403812
but,452.03,452.15,0.319202
i,452.16,452.35,0.731077
agree,452.36,452.65,0.679061
it,452.66,452.79,0.14634
does,452.8,453.11,0.142498
feel,453.12,453.76,0.9996
a,453.77,453.82,0.284408
little,453.83,454.19,0.9996
contracts(2),454.2,455.04,0.265019
easy,455.31,455.85,0.413457
it,456.12,456.22,0.634795
would,456.23,456.38,0.784328
take,456.39,456.86,0.9994
hundreds,456.87,457.62,0.876766
of,457.81,457.92,0.9995
comments,457.93,458.49,0.565827
to(2),458.63,458.74,0.434484
reproduce,458.75,459.26,0.86164
what,459.27,459.38,0.01968
we're(3),459.39,459.51,0.119726
observing,459.52,459.98,0.445395
and(2),461.27,461.64,0.974527
these,461.65,461.85,0.396251
are(2),461.86,462.03,0.320065
only,462.04,462.34,0.931827
the(2),462.35,462.43,0.350491
comments,462.44,462.87,0.634224
that,462.88,462.98,0.8564
have,462.99,463.17,0.159532
been,463.18,463.38,0.092257
passed,463.39,463.74,0.447583
into(2),463.75,463.93,0.687191
the(2),463.94,464.1,0.511618
ice,464.11,464.35,0.099175
in,464.36,464.42,0.109585
the,464.43,464.5,0.264966
star,464.51,464.9,0.137418
and(2),465.48,465.65,0.831585
so,465.66,466.09,0.993719
in,466.18,466.32,0.646133
reality,466.33,466.98,1.0002
we're(3),467.05,467.2,0.815362
talking,467.21,467.75,1
thousands(2),468.54,469.23,0.551911
and,469.24,469.46,0.030261
tens,469.47,469.89,0.674121
of,469.9,469.97,0.78065
thousands(2),469.98,470.64,0.763814
of,470.8,470.92,1.0003
comments,470.93,471.58,0.613021
but,471.93,472.27,0.439686
of,473.05,473.16,0.029328
all,473.17,473.45,0.839944
the,473.46,473.53,0.838433
bad,473.54,473.96,0.877819
ideas,473.97,474.5,0.98995
we,474.51,474.61,0.295366
had,474.62,475.14,0.704378
this,475.15,475.77,0.978727
one(2),475.78,476,0.709184
was(2),476.01,476.17,0.375419
the,476.18,476.24,0.516708
best,476.25,476.81,0.409179
and(2),477.63,477.76,0.230854
so,477.77,477.89,0.1623
you,477.9,477.99,0.301152
went,478,478.18,0.016916
ahead,478.19,478.56,0.167293
and(2),478.7,478.86,0.282452
cluster,478.87,479.31,0.181846
findings,479.32,479.9,0.113648
now,480.59,480.69,0.106943
i'm,480.7,480.8,0.281015
excited(2),480.81,481.38,0.37666
this,481.39,481.55,0.914013
is,481.56,481.7,0.9994
why,481.71,481.91,0.376283
none,481.92,482.14,0.000364
of,482.15,482.25,0.950463
the,482.26,482.34,0.700164
harness(2),482.35,482.85,0.146662
papers,482.89,483.55,0.578531
and(2),483.56,483.81,0.655309
earth,483.82,484.24,0.008794
scientists(3),484.83,485.52,0.3352
are,485.57,485.68,0.882308
meant,485.69,485.92,0.821994
to(2),485.93,485.98,0.930058
publish,485.99,486.37,0.958577
results(2),486.38,486.99,0.751087
in,487.14,487.33,0.82628
a(2),487.34,487.41,0.222334
situation,487.42,488.12,0.9996
is,488.13,488.23,0.301333
far,488.24,488.49,0.987478
from,488.5,488.75,1
that,488.76,489.14,0.972094
and(2),490.06,490.21,0.48028
so,490.22,490.66,0.990445
we,490.73,490.82,0.720336
decided,490.83,491.34,0.428229
in,491.35,491.44,0.378434
a,491.45,491.54,0.276858
catchy,491.55,491.91,0.612653
title,491.92,492.32,0.655636
we,493.2,493.33,0.984322
call,493.34,493.53,0.775902
it,493.54,493.61,0.564753
where,493.62,493.89,0.193866
is,493.9,494.04,0.245523
the,494.05,494.13,0.844661
flats,494.14,494.71,0.274268
i'll,495.39,495.54,0.025369
let,495.55,495.81,0.270022
you,495.85,496.17,0.983732
work,496.21,496.38,0.084392
out,496.39,496.57,0.790075
the(2),496.58,496.69,0.9998
acronym,496.7,497.12,0.329023
what(2),498.2,500.18,0.854432
so,502.92,503.17,0.406975
this,503.18,503.35,0.509524
is,503.36,503.49,0.750937
in,503.5,503.57,0.218542
the(2),503.58,503.69,0.565318
in,503.7,503.78,0.221247
the,503.79,503.93,0.303997
story,503.94,504.34,0.369977
around(2),504.61,504.86,0.846437
the,504.87,504.92,0.799374
same,504.93,505.16,0.79237
time,505.17,505.43,0.990445
as,505.44,505.58,0.729908
reading(2),505.59,505.86,0.068727
this,505.87,506.03,0.865008
paper,506.04,506.52,0.998601
analogy,506.72,507.08,0.002206
calling,507.09,507.47,0.302027
him(2),507.48,507.58,0.129052
i'm,507.59,507.76,0.342623
jason,507.77,508.1,0.648074
right,508.11,508.47,0.482206
and(2),508.48,508.62,0.4281
use(2),508.63,508.83,0.3927
a,508.84,508.88,0.066257
glossary,508.89,509.46,0.088171
of,509.47,509.52,0.200692
paper,509.53,509.83,0.638169
and(2),509.84,510.1,0.322991
read(2),510.11,510.26,0.033601
it,510.27,510.46,0.157944
and(2),511.2,511.33,0.29228
you,511.34,511.61,0.396013
insane,511.62,512.23,0.156748
that,512.67,512.85,0.794036
with(2),512.86,512.99,0.097855
toddlers,513,513.49,0.019983
a(2),513.5,513.57,0.254856
stream,513.58,514.13,0.884782
precision,514.14,514.81,1.0001
it,515.43,515.53,0.616402
can(2),515.54,515.67,0.431065
actually(2),515.68,516.26,0.93043
did,516.27,516.44,0.381474
say,516.45,516.81,0.374631
alien,517.09,517.61,0.40216
and,517.62,517.83,0.033167
mega,517.84,518.06,0.000998
structures,518.07,518.74,0.896719
around(2),518.75,519.07,0.782526
starts,519.08,519.68,0.302601
but,520.28,520.57,0.524361
it's,520.58,520.97,0.165314
and(2),522.57,522.66,0.4287
then,522.67,522.88,0.776678
i,522.89,523.03,0.973358
said,523.04,523.34,0.366625
on,523.35,523.46,0.099155
this,523.47,523.63,0.71976
and,523.64,523.73,0.034763
meer,523.74,523.99,0.000895
dan,524,524.42,0.924124
their,524.43,524.64,0.179102
cynicism,524.65,525.27,0.182428
had,525.28,525.38,0.031289
to(2),525.39,525.52,0.099364
sit,525.53,525.79,0.013909
around,525.8,526.25,0.775979
any,527.65,527.84,0.908363
sense,527.85,528.09,0.852725
to,528.1,528.15,0.005917
me,528.16,528.63,0.951034
ah,528.74,529.15,0.284806
crack,529.16,529.8,0.223404
having,529.81,530.24,0.248761
now,530.71,530.91,0.235589
i,530.92,531.02,0.245229
have,531.03,531.2,0.574667
to(2),531.21,531.34,0.339995
rewrite,531.35,531.79,0.258552
my,531.8,531.94,0.138024
paper,531.95,532.39,0.025776
say,534.49,534.63,0.077848
yes,534.64,534.83,0.03266
and,534.84,534.96,0.042123
not,534.97,535.23,0.176418
for(2),535.24,535.35,0.006784
isolation,535.36,535.93,0.060979
zero,535.94,536.14,0.072737
week,536.15,536.52,0.08691
ah,537.5,537.75,0.194623
and(2),538.55,538.7,0.710178
we're(2),538.71,538.9,0.272273
curious,538.91,539.54,0.966084
now,539.55,539.84,0.727067
so,540.1,540.54,0.996107
we,540.58,540.73,0.9991
had,540.74,541.04,0.513412
to(2),541.05,541.11,0.822816
find,541.12,541.43,0.957428
a,541.44,541.48,0.609658
way,541.49,541.76,0.941287
to(2),541.77,541.96,0.982355
allow,541.97,542.36,0.967825
aliens,542.41,542.97,0.9994
sent,543.27,543.52,0.045173
them,543.53,543.69,0.262487
there,543.7,543.92,0.381398
the(2),544.64,544.73,0.117355
knesset(3),544.74,545.2,0.036531
college,545.21,545.59,0.121439
of,545.6,545.68,0.398716
arts,545.69,546.01,0.043254
force,546.02,546.48,0.009221
on,546.49,546.61,0.450367
saturday(2),546.62,547.02,0.264701
to(2),547.03,547.27,0.060306
search,547.28,547.62,0.123694
for(3),547.63,547.83,0.559413
extraterrestrial,547.84,548.6,0.986589
until,548.61,548.9,0.593
it,548.91,549.01,0.638744
is,549.02,549.26,0.597345
that(2),549.49,549.63,0.724454
this,549.64,549.78,0.075736
would,549.79,549.88,0.008612
be,549.89,550.02,0.587099
an(2),550.03,550.1,0.202425
extraordinary(2),550.11,551.09,0.935375
targeted,551.1,551.66,0.416528
for(2),551.67,551.77,0.405999
sale,551.78,552.04,0.633337
we,554.55,554.68,0.953033
read,554.69,554.88,0.205588
a,554.89,554.91,0.084713
proposal,554.92,555.51,0.189704
to(2),555.52,555.67,0.454257
observe,555.68,556.01,0.313915
the,556.02,556.09,0.73909
start,556.1,556.65,0.3728
with,556.94,557.12,0.654916
their,557.13,557.33,0.427074
world's,557.34,557.83,0.118133
largest,557.84,558.42,0.9999
radio,558.43,558.75,0.974722
telescope,558.76,559.35,0.848047
at,559.36,559.48,0.15553
the(2),559.49,559.54,0.137541
green,559.55,559.77,0.14634
make,559.78,559.99,0.00788
observatory,560,560.68,0.957428
a,561.11,561.13,0.649632
couple,561.14,561.41,0.805071
months,561.42,561.68,0.788417
later,561.69,562.06,0.992626
use(2),562.4,562.9,0.935936
of,562.91,563,0.880633
this,563.01,563.31,0.9996
proposal,563.45,564.46,0.9997
that,565.12,565.32,0.437449
leads,565.33,565.69,0.044934
to(3),565.7,565.77,0.220739
the,565.78,565.87,0.925511
press,565.88,566.55,0.909727
and(2),567.74,568.21,0.753269
now,568.22,568.5,0.996605
there,568.51,568.71,0.7819
are,568.72,568.86,0.954082
thousands(2),568.87,569.97,0.783857
of,570.09,570.23,0.9995
articles(2),570.24,571.01,0.9996
over,571.19,571.39,0.850766
ten,571.4,571.67,0.899414
thousand(2),571.68,572.04,0.950178
articles(2),572.05,572.68,0.968406
on,572.96,573.14,0.865008
this,573.15,573.39,0.549707
are,573.4,573.56,0.423543
alone,573.57,573.96,0.147265
and(2),574.32,574.78,0.958865
if,574.79,574.91,0.645745
you,574.92,575.02,0.205917
search,575.03,575.32,0.032439
google,575.33,575.6,0.831918
images(2),575.61,576.13,0.963094
this,577,577.19,0.984322
is,577.2,577.3,0.987576
like,577.31,577.49,0.397362
a,577.5,577.58,0.563118
five,577.59,578,0.390234
yeah,579.68,579.85,0.980687
i,579.86,580.04,0.625781
may,580.05,580.21,0.332463
be,580.22,580.33,0.2975
one,580.34,580.66,0.479896
am(2),580.67,581.18,0.214944
kate,581.19,581.48,0.009886
hanni,581.49,581.84,0.107608
well,581.85,582.12,0.047229
how,582.13,582.38,0.804186
do,582.39,582.59,0.718034
aliens,582.71,583.26,0.191304
actually(3),583.27,583.9,0.788891
explain,583.91,584.5,0.859833
this,584.51,584.72,0.748463
like,584.73,585.09,0.183692
her,585.1,585.37,0.281352
at,586.06,586.17,0.050195
that,586.18,586.47,0.315425
well,587.37,587.87,0.451811
i,587.98,588.01,0.191227
meant,588.02,588.29,0.20489
to(2),588.3,588.5,0.8117
civilization,588.51,589.29,0.994117
that's,589.3,589.49,0.052358
much,589.5,589.74,0.730273
more,589.75,589.93,0.989752
advanced,589.94,590.28,0.087669
than,590.29,590.41,0.013807
around(2),590.42,590.77,0.007363
in,591.39,591.54,0.198159
this,591.55,591.7,0.297738
hypothetical,591.71,592.59,0.837344
circumstance,592.6,593.6,0.517536
this,594.76,594.92,0.952366
civilization,594.93,595.78,0.997503
would,595.79,595.99,0.311974
exhaust,596,596.68,0.215978
any,596.69,596.91,0.211659
energy,596.92,597.29,0.997403
supply,597.3,597.9,0.815117
of,597.98,598.12,0.89439
their,598.13,598.27,0.938937
home,598.28,598.47,0.069557
planet,598.48,598.96,0.17912
so,599.45,599.77,0.944399
where(2),599.89,600.2,0.257417
could,600.21,600.37,0.001425
they,600.38,600.46,0.140068
get(2),600.47,600.65,0.426519
more,600.66,600.83,0.892068
energy,600.84,601.25,0.998002
well,601.61,601.91,0.442907
they,602.19,602.29,0.281437
have,602.3,602.44,0.356109
a,602.45,602.5,0.696741
home,602.51,602.69,0.028311
starts,602.7,603.24,0.295041
is,603.25,603.35,0.139425
likely,603.36,603.63,0.207343
an,603.64,603.74,0.013821
assigned,603.75,604.19,0.153736
and(2),605.32,605.51,0.782604
so,605.52,605.79,0.9395
if,605.86,606.01,0.867
they're,606.02,606.24,0.741385
able,606.25,606.52,0.9995
to(2),606.53,606.65,0.465293
cash,606.66,607.09,0.875014
in,607.1,607.31,0.455805
more,607.32,607.62,0.812106
energy,607.63,608.09,0.9992
from,608.1,608.32,0.746519
the,608.33,608.43,0.581489
start,608.44,609.08,0.655112
in,609.38,609.49,0.848047
dallas,609.5,609.92,0.875277
all,609.93,610.09,0.162235
their,610.1,610.23,0.683284
energy,610.24,610.62,0.9994
needs,610.63,611.05,0.950463
something,611.83,612.16,0.053818
i,612.17,612.27,0.04978
don't(2),612.28,612.6,0.639703
believe,612.61,612.83,0.80846
he,612.84,613.11,0.706424
used,613.12,613.54,0.586923
structures,614.01,614.85,0.827024
these,614.86,615.54,0.254346
giant,615.61,616.18,0.855373
bag,616.55,616.86,0.649437
of,616.87,616.92,0.31132
structures,616.93,617.71,0.477025
like,617.98,618.12,0.381131
to,618.13,618.2,0.104428
say,618.21,618.43,0.451088
enormous(2),618.44,619.11,0.840953
solar,619.12,619.47,0.9994
panels,619.48,620.03,0.9993
are,620.29,620.4,0.495404
called,620.41,620.72,0.490327
them(2),620.73,620.89,0.075532
to(3),620.9,621.16,0.375419
years(2),621.21,621.68,0.057204
i,622.53,622.56,0.450367
understand,622.57,623,0.138369
it's,623.01,623.17,0.044402
about,623.18,623.79,0.545327
are,623.8,624.01,0.177604
not,624.02,624.25,0.17982
rising,624.26,624.72,0.038985
prices(2),624.73,625.29,0.873702
of,625.42,625.59,0.241674
dyson,625.6,626.04,0.17538
sphere,626.05,626.38,0.50254
if,626.39,626.63,0.074155
it's,626.99,627.2,0.339349
a,627.21,627.27,0.185278
really,627.28,627.52,0.997603
hard,627.53,627.92,0.9989
to(2),627.93,628.08,0.814872
ride,628.09,628.53,0.620112
perspective,628.82,629.61,0.897706
on,629.72,629.92,0.81235
the,629.93,629.98,0.576336
vastness,629.99,630.97,0.770335
of,631.08,631.18,0.902297
the(2),631.19,631.32,0.998201
things,631.33,631.81,0.841457
they,632.03,632.11,0.029828
do,632.12,632.23,0.082069
they,632.24,632.45,0.302753
come,632.46,632.57,0.031267
in,632.58,632.68,0.036451
this,632.69,632.87,0.614863
way,632.88,633.09,0.430461
for(2),633.93,634.18,0.601362
two,634.19,634.45,0.089396
days,634.46,634.72,0.057095
this,634.73,635.15,0.337353
is,635.28,635.39,0.869083
the,635.4,635.46,0.141476
core,635.47,635.72,0.035384
of,635.73,635.82,0.129414
a,635.83,635.89,0.133343
million,635.9,636.21,0.9999
miles(2),636.22,636.8,0.558519
the(2),638.07,638.24,0.186114
cyclists(3),638.25,638.98,0.001304
elements,639.06,639.65,0.176118
on,640.28,640.42,0.034089
one,640.43,640.59,0.038586
of,640.6,640.65,0.022886
the(2),640.66,640.78,0.738869
structure,640.79,641.27,0.465479
is,641.28,641.5,0.427972
it,642.06,642.18,0.191898
a,642.19,642.25,0.309984
hundred(2),642.26,642.92,0.623969
times,642.93,643.46,0.9998
that,643.47,643.69,0.696323
size,643.7,644.24,0.323153
they're,645.48,645.68,0.411271
enormous(2),645.69,646.54,0.554012
and(2),648.18,648.32,0.642845
now,648.33,648.58,0.942041
imagine,648.59,649.23,0.706565
why(2),649.24,649.56,0.129946
many,649.57,649.82,0.05424
structures,649.83,650.41,0.70473
in,650.42,650.64,0.706282
motion,650.65,651.2,0.349336
around(2),651.21,651.49,0.811863
the,651.5,651.56,0.463481
star,651.57,651.99,0.642203
you,652.52,652.65,0.557291
can(2),652.66,652.8,0.198814
see,652.81,653.05,0.942795
how,653.06,653.29,0.9992
it,653.3,653.36,0.357464
produces,653.37,653.98,0.165612
anomalies,654.09,654.93,0.967051
in,654.94,655.11,0.932666
the,655.12,655.21,0.451991
day,655.22,655.47,0.869257
that,655.48,655.67,0.462925
sexes(2),655.68,656.15,0.012575
and(2),656.16,656.44,0.172234
even,656.45,656.86,0.816341
on,656.87,657.08,0.491505
natural,657.09,657.51,0.549323
looking,657.52,657.81,0.51408
debts,657.82,658.31,0.035099
but,658.84,658.96,0.357143
it,658.97,659.05,0.275781
remains(2),659.06,659.76,0.9993
that,659.77,660.08,0.648787
even,660.09,660.36,0.967825
alien,660.37,661.07,0.290997
menace(2),661.08,661.39,0.631187
structures,661.4,662.14,0.150406
cannot,662.95,663.41,0.118251
defy,663.42,663.87,0.108712
the,663.88,663.98,0.162657
laws,663.99,664.32,0.9995
of,664.33,664.4,0.971705
physics,664.41,665.08,0.9996
easy,665.38,665.79,0.262907
anything,666.07,666.7,0.74183
that,666.71,666.85,0.141462
uses(4),666.86,667.4,0.776445
a,667.41,667.49,0.514028
lot,667.5,667.96,0.937435
of,667.97,668.06,0.974235
energy,668.07,668.64,1.0001
is,669.88,670.05,0.76008
going(2),670.06,670.29,0.608318
to(3),670.3,670.36,0.449962
produce,670.37,670.92,0.9999
heat,670.93,671.33,0.788023
and(2),672.92,673.07,0.304088
we,673.08,673.2,0.885667
don't(2),673.21,673.42,0.598242
answer,673.43,673.86,0.394709
this,673.87,674.31,0.497987
but,674.89,675,0.176136
it,675.01,675.08,0.041599
could,675.09,675.29,0.628164
be,675.3,675.42,0.998801
something,675.43,675.8,0.9999
as(2),675.81,675.87,0.503043
simple,675.88,676.38,1
as,676.39,677.03,1.0001
they're,677.73,677.85,0.420336
just(2),677.86,678.08,0.528468
re(2),678.09,678.25,0.028926
re,678.26,678.62,0.015482
no,678.63,678.74,0.023104
way,678.75,679.12,0.322507
in,679.13,679.25,0.155997
another,679.26,679.55,0.674661
direction,679.56,680.04,0.867954
just(2),680.08,680.3,0.749812
on,680.31,680.45,0.205567
earth,680.46,680.95,0.228305
another,683.12,683.43,0.818466
idea,683.44,683.81,0.998701
that's,683.82,683.99,0.191055
one,684,684.12,0.101839
of,684.13,684.18,0.222735
my,684.19,684.29,0.662293
personal,684.3,684.79,1
favorites,684.8,685.43,0.595496
is,686.39,686.55,0.342897
that,686.56,686.72,0.63683
we,686.73,686.89,0.634224
just,686.9,687.27,0.9993
lay,687.28,687.68,0.152206
it's,687.69,687.94,0.083252
an,687.95,688.1,0.300611
interplanetary,688.11,689.1,0.9993
space,689.11,689.5,0.998701
it,689.51,689.59,0.014731
out,689.6,689.9,0.369829
and(2),690.15,690.27,0.661962
then,690.28,690.52,0.36131
catastrophic,690.64,691.47,0.9989
destruction,691.48,692.13,0.997503
of,692.17,692.24,0.886908
the,692.25,692.32,0.746669
planet,692.33,692.87,0.500634
now,694.56,694.71,0.57911
i'm,694.72,695.08,0.519558
at,695.09,695.45,0.240445
the,695.68,695.77,0.701355
discipline,695.78,696.25,0.191247
is,696.26,696.43,0.498436
my,696.44,696.71,0.276499
doubts,696.72,697.38,0.066856
we,697.83,698.01,0.996107
don't(2),698.02,698.25,0.764502
observe,698.26,698.79,0.313005
that,699.79,700.36,0.193092
is,700.37,700.52,0.267629
where(2),700.53,700.72,0.468796
are,700.73,700.97,0.56628
you,700.98,701.19,0.519714
looking,701.2,701.59,0.567925
aliens,701.6,702.42,0.998301
in,702.43,702.59,0.51707
this,702.6,702.77,0.805957
explanation,702.78,703.63,0.998401
then,704.08,704.52,0.437843
who's,704.91,705.19,0.154538
to(2),705.2,705.31,0.827768
say,705.32,705.77,0.998401
it,705.78,706.07,0.556456
officially,706.08,706.63,0.502641
clean,706.64,706.93,0.434919
and(2),706.94,707.05,0.109224
all,707.06,707.2,0.240349
this,707.21,707.42,0.741756
mess,707.43,707.79,0.415945
for(3),707.8,708.14,0.497489
recycling,708.2,708.77,0.67311
purposes,708.78,709.38,0.530161
you,710.33,710.44,0.387511
can(2),710.45,710.58,0.163816
see,710.59,710.79,0.982749
how,710.8,710.96,0.995211
this,710.97,711.11,0.151902
quickly,711.17,711.56,0.950748
taxes(2),711.57,712.12,0.162853
your(2),712.13,712.27,0.993222
imagination,712.28,713.12,0.996904
oh,714.26,714.39,0.250158
why,715.83,716.16,0.138924
have,716.17,716.36,0.579747
that,716.37,716.64,0.063519
we're(2),716.97,717.19,0.305704
in,717.2,717.32,0.8335
a,717.33,717.37,0.148211
situation,717.38,718.24,0.998301
that,718.91,719.31,0.9686
could,719.32,719.53,0.122231
unfold,719.54,720.32,0.078403
to(2),720.33,720.41,0.299141
be,720.42,720.88,0.255903
a,720.92,721.01,0.520286
natural,721.02,721.47,0.941381
phenomenon,721.48,722.16,0.9858
we,722.39,722.47,0.878082
don't(2),722.48,722.72,0.869866
understand,722.73,723.41,0.998701
or,723.77,723.9,0.086054
an(2),723.91,723.98,0.52013
alien,723.99,724.4,0.9991
technology,724.41,725.16,0.9999
we,725.3,725.39,0.603531
don't(2),725.4,725.61,0.861727
understand,725.62,726.2,0.9999
personally(3),727.67,728.58,0.608196
as,728.59,728.72,0.466224
the,728.73,728.78,0.555288
scientists(4),728.79,729.5,0.383962
my,730.79,731,0.963865
money's,731.01,731.38,0.586688
on,731.39,731.52,0.732907
the,731.53,731.59,0.783936
natural,731.6,731.97,0.784956
explanation,731.98,732.59,0.976185
the,734.11,734.17,0.122844
dome,734.18,734.39,0.037916
in,734.4,734.49,0.322604
iran,734.5,734.81,0.234062
ready,734.82,735.07,0.026691
to,735.08,735.31,0.230785
be,735.32,735.48,0.359724
awesome,735.54,736.1,0.995111
to(2),736.11,736.2,0.461216
find,736.21,736.44,0.745997
aliens,736.45,737.09,0.998601
either(2),738.89,739.34,0.97521
way,739.35,739.69,1.0001
there,739.84,739.98,0.128242
is,739.99,740.05,0.128242
something,740.06,740.38,0.9997
new(2),740.39,740.84,0.781509
and(2),740.85,741.26,0.849915
really(2),741.27,741.71,0.56233
interesting(4),741.72,742.37,0.73137
to(2),742.62,742.74,0.482881
discover,742.75,743.24,0.995012
so,744.11,744.26,0.998701
what,744.27,744.41,0.767259
happens,744.42,744.78,0.829758
next(2),744.79,745.31,0.477455
we,745.94,746.08,0.97599
need,746.09,746.36,0.882749
to(2),746.37,746.5,0.918411
see,746.51,746.61,0.167628
continued,746.76,747.42,0.064511
to(2),747.43,747.59,0.577202
observe,747.6,748.04,0.461631
they,748.05,748.14,0.012126
start,748.15,748.61,0.534688
to(3),748.62,748.72,0.550478
learn,748.73,749,1.0001
out,749.01,749.21,0.13665
more,749.22,749.63,0.908181
what's,749.64,749.81,0.51126
happening,749.82,750.2,0.427202
what(2),750.78,751.67,0.872218
astronomers,751.68,752.59,0.968406
like,752.75,752.98,0.829426
me,752.99,753.42,0.618749
we,753.61,753.76,0.961554
have,753.77,753.89,0.916393
limited(2),753.9,754.33,0.588745
resources,754.34,755.02,0.9999
for(2),755.03,755.13,0.69702
this,755.14,755.32,0.901214
and(2),755.33,755.58,0.771877
pain,755.59,755.86,0.02355
and(2),756.46,756.68,0.563456
toddlers,756.69,757.19,0.342349
on,757.2,757.36,0.498535
two,757.37,757.53,0.2617
different(2),757.54,757.83,0.336342
mission,757.84,758.12,0.099036
and(2),759.48,759.69,0.749812
happiness,759.7,760.18,0.383272
saying,760.19,760.67,0.136064
that,761.02,761.47,0.989851
once,762.69,763.03,0.763967
again,763.04,763.44,0.9996
citizen(2),763.68,764.22,0.495206
scientists(4),764.23,764.89,0.710889
have,765.04,765.16,0.706212
command,765.17,765.67,0.078129
is,765.82,766.02,0.404945
a(2),766.03,766.19,0.875277
good,766.2,766.29,0.03055
day,766.3,766.56,0.828514
easy,767.97,768.62,0.682601
and(2),768.79,769.19,0.266801
that,769.2,769.46,0.249085
time,769.47,769.94,0.996506
amateur,770.35,770.84,0.026331
astronomers,770.85,771.55,0.999
with,771.56,771.65,0.083052
their,771.66,771.75,0.455941
backyard,771.76,772.24,0.582537
telescopes,772.25,773.05,0.846606
stepped,774.21,774.69,0.006706
out,774.7,775.09,0.157502
immediately,775.27,776.08,0.997802
and(2),776.27,776.38,0.366551
started,776.39,776.71,0.407708
observing,776.72,777.21,0.938937
the,777.22,777.3,0.709965
star,777.31,777.63,0.251639
nightly,777.64,778.17,0.058185
at,778.18,778.29,0.224681
their,778.3,778.45,0.222935
own,778.46,778.55,0.264913
facilities,778.56,779.23,0.346102
and(2),779.66,779.82,0.87379
i,779.83,779.98,0.747341
am,779.99,780.12,0.22858
so,780.13,780.65,0.9994
excited(2),780.66,781.26,0.982257
to(2),781.27,781.36,0.456078
see,781.37,781.56,0.9995
what,781.57,781.74,0.580734
they're,781.75,781.86,0.036792
for(3),781.87,782.12,0.011847
what's,783.6,783.78,0.0097
amazing,783.79,784.44,0.003008
is,784.45,784.55,0.03827
that,784.56,784.78,0.820269
this,784.79,785.07,0.432533
darwin,785.08,785.71,0.668548
never,785.72,785.96,0.852469
been,785.97,786.17,0.870736
found,786.18,786.84,1
by,787.05,787.18,0.613695
computers,787.19,787.8,0.9395
is,787.81,787.89,0.077646
we,787.9,788.04,0.991733
just,788.05,788.38,0.9999
went,788.39,788.6,0.403086
looking,788.61,789.02,1.0001
for(2),789.03,789.17,0.689876
something,789.18,789.55,1.0001
like,789.56,789.78,0.9997
this,789.79,790.19,0.711742
and(2),791.47,791.89,0.997902
what,793.69,794,0.733494
more,794.15,794.54,0.9994
exciting,794.55,795.23,0.9997
is,795.68,795.76,0.248936
that,795.77,795.9,0.21035
there's,795.91,796.09,0.076727
more,796.1,796.31,0.9998
to(2),796.32,796.64,0.655636
come,796.65,796.97,0.445306
their,798.28,798.48,0.40967
new(2),798.49,798.71,0.112157
missions,798.72,799.24,0.096552
that,799.25,799.39,0.238171
are,799.4,799.47,0.224861
coming,799.48,799.84,0.996605
out,799.85,800.04,0.59502
there,800.22,800.42,0.78104
observing,800.43,800.84,0.173496
millions,800.85,801.63,0.997603
of,801.64,801.74,1
more,801.75,801.99,0.995609
starts,802,802.82,0.764272
all,803.91,804.2,0.847199
over,804.21,804.41,0.381894
this,804.42,804.6,0.231849
guy,804.61,804.96,0.234343
and(2),806.36,806.71,0.962805
just(2),807.25,807.48,0.666545
a(2),807.49,807.81,0.605889
well,808.71,809.14,0.659451
i,809.15,809.22,0.541035
mean,809.23,809.71,0.439554
we,809.9,810.13,0.986984
find,810.14,810.46,0.968019
another,810.47,810.76,0.836925
star,810.77,811.08,0.919238
like,811.09,811.33,0.893496
this,811.34,811.74,0.882484
and(2),812.58,812.93,0.920434
while,813.32,813.74,0.827686
and,813.75,813.86,0.18959
me,813.87,814.26,0.095754
if,814.35,814.51,0.836841
we,814.52,814.61,0.826032
don't,814.62,815.07,0.603169
find,815.08,815.28,0.986293
another,815.29,815.55,0.964154
star,815.56,815.81,0.812025
like,815.82,816.04,0.9232
this,816.05,816.45,0.922001
thank,817.33,817.51,0.118879
you,817.52,817.63,0.365344
how,818.42,820.16,1